Name,Category,CAS No,Formula,SMILES
Citric Acid,A,77-92-9,C6H8O7,C(C(=O)O)C(CC(=O)O)(C(=O)O)O
Folic acid,A,59-30-3,C19H19N7O6,C1=CC(=CC=C1C(=O)NC(CCC(=O)O)C(=O)O)NCC2=CN=C3C(=N2)C(=O)NC(=N3)N
Levothyroxine,A,51-48-9,C15H11I4NO4,C1=C(C=C(C(=C1I)OC2=CC(=C(C(=C2)I)O)I)I)CC(C(=O)O)N
Pantothenic acid,A,79-83-4,C9H17NO5,CC(C)(CO)C(C(=O)NCCC(=O)O)O
Riboflavin,A,83-88-5,C17H20N4O6,CC1=CC2=C(C=C1C)N(C3=NC(=O)NC(=O)C3=N2)CC(C(C(CO)O)O)O
Thiamine,A,70-16-6,C12H17N4OS+,CC1=C(SC=[N+]1CC2=CN=C(N=C2N)C)CCO
Acebutolol,B,37517-30-9,C18H28N2O4,CCCC(=O)NC1=CC(=C(C=C1)OCC(CNC(C)C)O)C(=O)C
Acetylcysteine,B,616-91-1,C5H9NO3S,CC(=O)NC(CS)C(=O)O
Acyclovir,B,59277-89-3,C8H11N5O3,C1=NC2=C(N1COCCO)N=C(NC2=O)N
Agomelatine,B,138112-76-2,C15H17NO2,CC(=O)NCCC1=CC=CC2=C1C=C(C=C2)OC
Alcaftadine,B,147084-10-4,C19H21N3O,CN1CCC(=C2C3=CC=CC=C3CCN4C2=NC=C4C=O)CC1
Alfuzosin,B,81403-80-7,C19H27N5O4,CN(CCCNC(=O)C1CCCO1)C2=NC3=CC(=C(C=C3C(=N2)N)OC)OC
Alogliptin,B,850649-61-5,C18H21N5O2,CN1C(=O)C=C(N(C1=O)CC2=CC=CC=C2C#N)N3CCCC(C3)N
Alosetron,B,122852-42-0,C17H18N4O,CC1=C(N=CN1)CN2CCC3=C(C2=O)C4=CC=CC=C4N3C
Alvimopan,B,156053-89-3,C25H32N2O4,CC1CN(CCC1(C)C2=CC(=CC=C2)O)CC(CC3=CC=CC=C3)C(=O)NCC(=O)O
Amiloride,B,2609-46-3,C6H8ClN7O,C1(=C(N=C(C(=N1)Cl)N)N)C(=O)N=C(N)N
Amoxicillin,B,26787-78-0,C16H19N3O5S,CC1(C(N2C(S1)C(C2=O)NC(=O)C(C3=CC=C(C=C3)O)N)C(=O)O)C
Ampicillin,B,69-53-4,C16H19N3O4S,CC1(C(N2C(S1)C(C2=O)NC(=O)C(C3=CC=CC=C3)N)C(=O)O)C
Apixaban,B,503612-47-3,C25H25N5O4,COC1=CC=C(C=C1)N2C3=C(CCN(C3=O)C4=CC=C(C=C4)N5CCCCC5=O)C(=N2)C(=O)N
Aprepitant,B,170729-80-3,C23H21F7N4O3,CC(C1=CC(=CC(=C1)C(F)(F)F)C(F)(F)F)OC2C(N(CCO2)CC3=NNC(=O)N3)C4=CC=C(C=C4)F
Aztreonam,B,78110-38-0,C13H17N5O8S2,CC1C(C(=O)N1S(=O)(=O)O)NC(=O)C(=NOC(C)(C)C(=O)O)C2=CSC(=N2)N
Bedaquiline,B,843663-66-1,C32H31BrN2O2,CN(C)CCC(C1=CC=CC2=CC=CC=C21)(C(C3=CC=CC=C3)C4=C(N=C5C=CC(=CC5=C4)Br)OC)O
Boceprevir,B,394730-60-0,C27H45N5O5,CC1(C2C1C(N(C2)C(=O)C(C(C)(C)C)NC(=O)NC(C)(C)C)C(=O)NC(CC3CCC3)C(=O)C(=O)N)C
Brimonidine,B,59803-98-4,C11H10BrN5,C1CN=C(N1)NC2=C(C3=NC=CN=C3C=C2)Br
Buspirone ,B,36505-84-7,C21H31N5O2,C1CCC2(C1)CC(=O)N(C(=O)C2)CCCCN3CCN(CC3)C4=NC=CC=N4
Cabergoline,B,81409-90-7,C26H37N5O2,CCNC(=O)N(CCCN(C)C)C(=O)C1CC2C(CC3=CNC4=CC=CC2=C34)N(C1)CC=C
Carbenicillin,B,4697-36-3,C17H18N2O6S,CC1(C(N2C(S1)C(C2=O)NC(=O)C(C3=CC=CC=C3)C(=O)O)C(=O)O)C
Carbocysteine,B,638-23-3,C5H9NO4S,C(C(C(=O)O)N)SCC(=O)O
Cefaclor,B,53994-73-3,C15H14ClN3O4S,C1C(=C(N2C(S1)C(C2=O)NC(=O)C(C3=CC=CC=C3)N)C(=O)O)Cl
Cefadroxil,B,50370-12-2,C16H17N3O5S,CC1=C(N2C(C(C2=O)NC(=O)C(C3=CC=C(C=C3)O)N)SC1)C(=O)O
Cefamandole,B,34444-01-4,C18H18N6O5S2,CN1C(=NN=N1)SCC2=C(N3C(C(C3=O)NC(=O)C(C4=CC=CC=C4)O)SC2)C(=O)O
Cefazolin,B,25953-19-9,C14H14N8O4S3,CC1=NN=C(S1)SCC2=C(N3C(C(C3=O)NC(=O)CN4C=NN=N4)SC2)C(=O)O
Cefdinir,B,91832-40-5,C14H13N5O5S2,C=CC1=C(N2C(C(C2=O)NC(=O)C(=NO)C3=CSC(=N3)N)SC1)C(=O)O
Cefditoren,B,104145-95-1,C19H18N6O5S3,CC1=C(SC=N1)C=CC2=C(N3C(C(C3=O)NC(=O)C(=NOC)C4=CSC(=N4)N)SC2)C(=O)O
Cefditoren pivoxil,B,117467-28-4,C25H28N6O7S3,CC1=C(SC=N1)C=CC2=C(N3C(C(C3=O)NC(=O)C(=NOC)C4=CSC(=N4)N)SC2)C(=O)OCOC(=O)C(C)(C)C
Cefepime,B,88040-23-7,C19H24N6O5S2,C[N+]1(CCCC1)CC2=C(N3C(C(C3=O)NC(=O)C(=NOC)C4=CSC(=N4)N)SC2)C(=O)[O-]
Cefixime,B,79350-37-1,C16H15N5O7S2,C=CC1=C(N2C(C(C2=O)NC(=O)C(=NOCC(=O)O)C3=CSC(=N3)N)SC1)C(=O)O
Cefoperazone,B,62893-19-0,C25H27N9O8S2,CCN1CCN(C(=O)C1=O)C(=O)NC(C2=CC=C(C=C2)O)C(=O)NC3C4N(C3=O)C(=C(CS4)CSC5=NN=NN5C)C(=O)O
Cefotetan,B,69712-56-7,C17H17N7O8S4,CN1C(=NN=N1)SCC2=C(N3C(C(C3=O)(NC(=O)C4SC(=C(C(=O)N)C(=O)O)S4)OC)SC2)C(=O)O
Cefoxitin,B,35607-66-0,C16H17N3O7S2,COC1(C2N(C1=O)C(=C(CS2)COC(=O)N)C(=O)O)NC(=O)CC3=CC=CS3
Cefpodoxime,B,80210-62-4,C15H17N5O6S2,COCC1=C(N2C(C(C2=O)NC(=O)C(=NOC)C3=CSC(=N3)N)SC1)C(=O)O
Cefpodoxime proxetil,B,87239-81-4,C21H27N5O9S2,CC(C)OC(=O)OC(C)OC(=O)C1=C(CSC2N1C(=O)C2NC(=O)C(=NOC)C3=CSC(=N3)N)COC
Cefprozil,B,92665-29-7,C18H19N3O5S,CC=CC1=C(N2C(C(C2=O)NC(=O)C(C3=CC=C(C=C3)O)N)SC1)C(=O)O
Ceftaroline,B,229016-73-3,C22H21N8O8PS4,CCON=C(C1=NSC(=N1)NP(=O)(O)O)C(=O)NC2C3N(C2=O)C(=C(CS3)SC4=NC(=CS4)C5=CC=[N+](C=C5)C)C(=O)[O-]
Ceftazidime,B,72558-82-8,C22H22N6O7S2,CC(C)(C(=O)O)ON=C(C1=CSC(=N1)N)C(=O)NC2C3N(C2=O)C(=C(CS3)C[N+]4=CC=CC=C4)C(=O)[O-]
Ceftibuten,B,97519-39-6,C15H14N4O6S2,C1C=C(N2C(S1)C(C2=O)NC(=O)C(=CCC(=O)O)C3=CSC(=N3)N)C(=O)O
Ceftizoxime,B,68401-81-0,C13H13N5O5S2,CON=C(C1=CSC(=N1)N)C(=O)NC2C3N(C2=O)C(=CCS3)C(=O)O
Ceftriaxone,B,73384-59-5,C18H18N8O7S3,CN1C(=NC(=O)C(=O)N1)SCC2=C(N3C(C(C3=O)NC(=O)C(=NOC)C4=CSC(=N4)N)SC2)C(=O)O
Cefuroxime,B,55268-75-2,C16H16N4O8S,CON=C(C1=CC=CO1)C(=O)NC2C3N(C2=O)C(=C(CS3)COC(=O)N)C(=O)O
Cefuroxime axetil,B,64544-07-6,C20H22N4O10S,CC(OC(=O)C)OC(=O)C1=C(CSC2N1C(=O)C2NC(=O)C(=NOC)C3=CC=CO3)COC(=O)N
Cefuroxime pivoxetil,B,100680-33-9,C23H28N4O11S,CC(OC(=O)C1=C(CSC2N1C(=O)C2NC(=O)C(=NOC)C3=CC=CO3)COC(=O)N)OC(=O)C(C)(C)OC
Cephalexin,B,15686-71-2,C16H17N3O4S,CC1=C(N2C(C(C2=O)NC(=O)C(C3=CC=CC=C3)N)SC1)C(=O)O
Cephalothin,B,153-61-7,C16H16N2O6S2,CC(=O)OCC1=C(N2C(C(C2=O)NC(=O)CC3=CC=CS3)SC1)C(=O)O
Chlorpheniramine,B,132-22-9,C16H19ClN2,CN(C)CCC(C1=CC=C(C=C1)Cl)C2=CC=CC=N2
Chlorthalidone,B,77-36-1,C14H11ClN2O4S,C1=CC=C2C(=C1)C(=O)NC2(C3=CC(=C(C=C3)Cl)S(=O)(=O)N)O
Ciclopirox,B,29342-05-0,C12H17NO2,CC1=CC(=O)N(C(=C1)C2CCCCC2)O
Cimetidine,B,51481-61-9,C10H16N6S,CC1=C(N=CN1)CSCCNC(=NC)NC#N
Clavulanic acid,B,58001-44-8,C8H9NO5,C1C2N(C1=O)C(C(=CCO)O2)C(=O)O
Clemastine,B,15686-51-8,C21H26ClNO,CC(C1=CC=CC=C1)(C2=CC=C(C=C2)Cl)OCCC3CCCN3C
Clindamycin,B,18323-44-9,C18H33ClN2O5S,CCCC1CC(N(C1)C)C(=O)NC(C2C(C(C(C(O2)SC)O)O)O)C(C)Cl
Clotrimazole,B,23593-75-1,C22H17ClN2,C1=CC=C(C=C1)C(C2=CC=CC=C2)(C3=CC=CC=C3Cl)N4C=CN=C4
Clozapine,B,5786-21-0,C18H19ClN4,CN1CCN(CC1)C2=NC3=C(C=CC(=C3)Cl)NC4=CC=CC=C42
Cromolyn,B,16110-51-3,C23H16O11,C1=CC2=C(C(=C1)OCC(COC3=CC=CC4=C3C(=O)C=C(O4)C(=O)O)O)C(=O)C=C(O2)C(=O)O
Cyclobenzaprine,B,303-53-7,C20H21N,CN(C)CCC=C1C2=CC=CC=C2C=CC3=CC=CC=C31
Cyproheptadine,B,129-03-3,C21H21N,CN1CCC(=C2C3=CC=CC=C3C=CC4=CC=CC=C42)CC1
Dapoxetine,B,119356-77-3,C21H23NO,CN(C)C(CCOC1=CC=CC2=CC=CC=C21)C3=CC=CC=C3
Dasabuvir,B,1132935-63-7,C26H27N3O5S,CC(C)(C)C1=CC(=CC(=C1OC)C2=CC3=C(C=C2)C=C(C=C3)NS(=O)(=O)C)N4C=CC(=O)NC4=O
Desflurane,B,57041-67-5,C3H2F6O,C(C(F)(F)F)(OC(F)F)F
Dicloxacillin,B,3116-76-5,C19H17Cl2N3O5S,CC1=C(C(=NO1)C2=C(C=CC=C2Cl)Cl)C(=O)NC3C4N(C3=O)C(C(S4)(C)C)C(=O)O
Dicyclomine,B,77-19-0,C19H35NO2,CCN(CC)CCOC(=O)C1(CCCCC1)C2CCCCC2
Didanosine,B,69655-05-6,C10H12N4O3,C1CC(OC1CO)N2C=NC3=C2N=CNC3=O
Diethylpropion,B,90-84-6,C13H19NO,CCN(CC)C(C)C(=O)C1=CC=CC=C1
Dimenhydrinate,B,523-87-5,C24H28ClN5O3,CN1C2=C(C(=O)N(C1=O)C)NC(=N2)Cl.CN(C)CCOC(C1=CC=CC=C1)C2=CC=CC=C2
Dipivefrin,B,52365-63-6,C19H29NO5,CC(C)(C)C(=O)OC1=C(C=C(C=C1)C(CNC)O)OC(=O)C(C)(C)C
Dipyridamole,B,58-32-2,C24H40N8O4,C1CCN(CC1)C2=NC(=NC3=C2N=C(N=C3N4CCCCC4)N(CCO)CCO)N(CCO)CCO
DL-Carnitine,B,406-76-8,C7H15NO3,C[N+](C)(C)CC(CC(=O)[O-])O
Dobutamine,B,34368-04-2,C18H23NO3,CC(CCC1=CC=C(C=C1)O)NCCC2=CC(=C(C=C2)O)O
Dolasetron,B,115956-12-2, C19H20N2O3 ,C1C2CC3CC(CC1N3CC2=O)OC(=O)C4=CNC5=CC=CC=C54
Dolutegravir,B,1051375-16-6,C20H19F2N3O5,CC1CCOC2N1C(=O)C3=C(C(=O)C(=CN3C2)C(=O)NCC4=C(C=C(C=C4)F)F)O
Doripenem,B,148016-81-3,C15H24N4O6S2,CC1C2C(C(=O)N2C(=C1SC3CC(NC3)CNS(=O)(=O)N)C(=O)O)C(C)O
Doxercalciferol,B,54573-75-0,C28H44O2,CC(C)C(C)C=CC(C)C1CCC2C1(CCCC2=CC=C3CC(CC(C3=C)O)O)C
Emedastine,B,87233-61-2,C17H26N4O,CCOCCN1C2=CC=CC=C2N=C1N3CCCN(CC3)C
Emtricitabine,B,143491-57-0,C8H10FN3O3S,C1C(OC(S1)CO)N2C=C(C(=NC2=O)N)F
Encainide,B,66778-36-7,C22H28N2O2,CN1CCCCC1CCC2=CC=CC=C2NC(=O)C3=CC=C(C=C3)OC
Enflurane,B,13838-16-9,C3H2ClF5O,C(C(OC(F)F)(F)F)(F)Cl
Eplerenone,B,107724-20-9,C24H30O6,CC12CCC(=O)C=C1CC(C3C24C(O4)CC5(C3CCC56CCC(=O)O6)C)C(=O)OC
Ertapenem,B,153832-46-3,C22H25N3O7S,CC1C2C(C(=O)N2C(=C1SC3CC(NC3)C(=O)NC4=CC=CC(=C4)C(=O)O)C(=O)O)C(C)O
Ethacrynic acid,B,58-54-8,C13H12Cl2O4,CCC(=C)C(=O)C1=C(C(=C(C=C1)OCC(=O)O)Cl)Cl
Ethambutol,B,74-55-5,C10H24N2O2,CCC(CO)NCCNC(CC)CO
Etravirine,B,269055-15-4,C20H15BrN6O,CC1=CC(=CC(=C1OC2=NC(=NC(=C2Br)N)NC3=CC=C(C=C3)C#N)C)C#N
Famciclovir,B,104227-87-4,C14H19N5O4,CC(=O)OCC(CCN1C=NC2=CN=C(N=C21)N)COC(=O)C
Flavoxate,B,15301-69-6,C24H25NO4,CC1=C(OC2=C(C1=O)C=CC=C2C(=O)OCCN3CCCCC3)C4=CC=CC=C4
Fosaprepitant,B,172673-20-0,C23H22F7N4O6P,CC(C1=CC(=CC(=C1)C(F)(F)F)C(F)(F)F)OC2C(N(CCO2)CC3=NN(C(=O)N3)P(=O)(O)O)C4=CC=C(C=C4)F
Fosfomycin,B,23155-02-4,C3H7O4P,CC1C(O1)P(=O)(O)O
Fospropofol,B,258516-89-1,C13H21O5P,CC(C)C1=C(C(=CC=C1)C(C)C)OCOP(=O)(O)O
Furosemide,B,54-31-9,C12H11ClN2O5S,C1=COC(=C1)CNC2=CC(=C(C=C2C(=O)O)S(=O)(=O)N)Cl
Galantamine,B,357-70-0,C17H21NO3,CN1CCC23C=CC(CC2OC4=C(C=CC(=C34)C1)OC)O
Glatiramer,B,28704-27-0,C23H41N5O11,CC(C(=O)O)N.C1=CC(=CC=C1CC(C(=O)O)N)O.C(CCN)CC(C(=O)O)N.C(CC(=O)O)C(C(=O)O)N
Glycopyrrolate,B,596-51-0,C19H28BrNO3,C[N+]1(CCC(C1)OC(=O)C(C2CCCC2)(C3=CC=CC=C3)O)C.[Br-]
Granisetron,B,109889-09-0,C18H24N4O,CN1C2CCCC1CC(C2)NC(=O)C3=NN(C4=CC=CC=C43)C
Guanfacine,B,29110-47-2,C9H9Cl2N3O,C1=CC(=C(C(=C1)Cl)CC(=O)N=C(N)N)Cl
Hydroxyprogesterone,B,68-96-2,C21H30O3,CC(=O)C1(CCC2C1(CCC3C2CCC4=CC(=O)CCC34C)C)O
Imiquimod,B,99011-02-6,C14H16N4,CC(C)CN1C=NC2=C1C3=CC=CC=C3N=C2N
Indapamide,B,26807-65-8,C16H16ClN3O3S,CC1CC2=CC=CC=C2N1NC(=O)C3=CC(=C(C=C3)Cl)S(=O)(=O)N
Ipratropium,B,60205-81-4,C20H30NO3+,CC(C)[N+]1(C2CCC1CC(C2)OC(=O)C(CO)C3=CC=CC=C3)C
Ivacaftor,B,873054-44-5,C24H28N2O3,CC(C)(C)C1=CC(=C(C=C1NC(=O)C2=CNC3=CC=CC=C3C2=O)O)C(C)(C)C
Lactulose,B,4618-18-2,C12H22O11,C(C1C(C(C(C(O1)OC2C(OC(C2O)(CO)O)CO)O)O)O)O
Lansoprazole,B,103577-45-3,C16H14F3N3O2S,CC1=C(C=CN=C1CS(=O)C2=NC3=CC=CC=C3N2)OCC(F)(F)F
Levobupivacaine,B,27262-47-1,C18H28N2O,CCCCN1CCCCC1C(=O)NC2=C(C=CC=C2C)C
Levocarnitine,B,541-15-1,C7H15NO3,C[N+](C)(C)CC(CC(=O)[O-])O
Levocetirizine,B,130018-77-8,C21H25ClN2O3,C1CN(CCN1CCOCC(=O)O)C(C2=CC=CC=C2)C3=CC=C(C=C3)Cl
Lidocaine,B,137-58-6,C14H22N2O,CCN(CC)CC(=O)NC1=C(C=CC=C1C)C
Linagliptin,B,668270-12-0,C25H28N8O2,CC#CCN1C2=C(N=C1N3CCCC(C3)N)N(C(=O)N(C2=O)CC4=NC5=CC=CC=C5C(=N4)C)C
Lodoxamide,B,53882-12-5,C11H6ClN3O6,C1=C(C=C(C(=C1NC(=O)C(=O)O)Cl)NC(=O)C(=O)O)C#N
Lodoxamide ethyl,B,53882-13-6,C15H14ClN3O6,CCOC(=O)C(=O)NC1=CC(=CC(=C1Cl)NC(=O)C(=O)OCC)C#N
Loperamide,B,53179-11-6,C29H33ClN2O2,CN(C)C(=O)C(CCN1CCC(CC1)(C2=CC=C(C=C2)Cl)O)(C3=CC=CC=C3)C4=CC=CC=C4
Loracarbef,B,76470-66-1,C16H16ClN3O4,C1CC(=C(N2C1C(C2=O)NC(=O)C(C3=CC=CC=C3)N)C(=O)O)Cl
Loratadine,B,79794-75-5,C22H23ClN2O2,CCOC(=O)N1CCC(=C2C3=C(CCC4=C2N=CC=C4)C=C(C=C3)Cl)CC1
Lumacaftor,B,936727-05-8,C24H18F2N2O5,CC1=C(N=C(C=C1)NC(=O)C2(CC2)C3=CC4=C(C=C3)OC(O4)(F)F)C5=CC(=CC=C5)C(=O)O
Lurasidone,B,367514-87-2,C28H36N4O2S,C1CCC(C(C1)CN2CCN(CC2)C3=NSC4=CC=CC=C43)CN5C(=O)C6C7CCC(C7)C6C5=O
Malathion,B,121-75-5,C10H19O6PS2,CCOC(=O)CC(C(=O)OCC)SP(=S)(OC)OC
Maraviroc,B,376348-65-1,C29H41F2N5O,CC1=NN=C(N1C2CC3CCC(C2)N3CCC(C4=CC=CC=C4)NC(=O)C5CCC(CC5)(F)F)C(C)C
Meclizine,B,569-65-3,C25H27ClN2,CC1=CC(=CC=C1)CN2CCN(CC2)C(C3=CC=CC=C3)C4=CC=C(C=C4)Cl
Memantine,B,19982-08-2,C12H21N,CC12CC3CC(C1)(CC(C3)(C2)N)C
Mepenzolate,B,25990-43-6,C21H26NO3+,C[N+]1(CCCC(C1)OC(=O)C(C2=CC=CC=C2)(C3=CC=CC=C3)O)C
Meropenem,B,96036-03-2,C17H25N3O5S,CC1C2C(C(=O)N2C(=C1SC3CC(NC3)C(=O)N(C)C)C(=O)O)C(C)O
Mesalamine,B,89-57-6,C7H7NO3,C1=CC(=C(C=C1N)C(=O)O)O
Mercaptoethanesulfonic acid,B,3375-50-6, C2H6O3S2 ,C(CS(=O)(=O)O)S
Metformin,B,657-24-9,C4H11N5,CN(C)C(=N)N=C(N)N
Methyclothiazide,B,135-07-9,C9H11Cl2N3O4S2,CN1C(NC2=CC(=C(C=C2S1(=O)=O)S(=O)(=O)N)Cl)CCl
Methyldopa,B,555-30-6,C10H13NO4,CC(CC1=CC(=C(C=C1)O)O)(C(=O)O)N
Metoclopramide,B,364-62-5,C14H22ClN3O2,CCN(CC)CCNC(=O)C1=CC(=C(C=C1OC)N)Cl
Metronidazole,B,443-48-1,C6H9N3O3,CC1=NC=C(N1CCO)[N+](=O)[O-]
Mezlocillin,B,51481-65-3,C21H25N5O8S2,CC1(C(N2C(S1)C(C2=O)NC(=O)C(C3=CC=CC=C3)NC(=O)N4CCN(C4=O)S(=O)(=O)C)C(=O)O)C
Miglitol,B,72432-03-2,C8H17NO5,C1C(C(C(C(N1CCO)CO)O)O)O
Montelukast,B,158966-92-8,C35H36ClNO3S,CC(C)(C1=CC=CC=C1CCC(C2=CC=CC(=C2)C=CC3=NC4=C(C=CC(=C4)Cl)C=C3)SCC5(CC5)CC(=O)O)O
Moricizine,B,31883-05-3,C22H25N3O4S,CCOC(=O)NC1=CC2=C(C=C1)SC3=CC=CC=C3N2C(=O)CCN4CCOCC4
Mupirocin,B,12650-69-0,C26H44O9,CC(C1C(O1)CC2COC(C(C2O)O)CC(=CC(=O)OCCCCCCCCC(=O)O)C)C(C)O
Nadifloxacin,B,124858-35-1,C19H21FN2O4,CC1CCC2=C3N1C=C(C(=O)C3=CC(=C2N4CCC(CC4)O)F)C(=O)O
Nafcillin,B,147-52-4,C21H22N2O5S,CCOC1=C(C2=CC=CC=C2C=C1)C(=O)NC3C4N(C3=O)C(C(S4)(C)C)C(=O)O
Naftifine,B,65472-88-0,C21H21N,CN(CC=CC1=CC=CC=C1)CC2=CC=CC3=CC=CC=C32
Nedocromil,B,69049-73-6,C19H17NO7,CCCC1=C2C(=CC3=C1OC(=CC3=O)C(=O)O)C(=O)C=C(N2CC)C(=O)O
Nelfinavir,B,159989-64-7,C32H45N3O4S,CC1=C(C=CC=C1O)C(=O)NC(CSC2=CC=CC=C2)C(CN3CC4CCCCC4CC3C(=O)NC(C)(C)C)O
Niclosamide,B,50-65-7,C13H8Cl2N2O4,C1=CC(=C(C=C1[N+](=O)[O-])Cl)NC(=O)C2=C(C=CC(=C2)Cl)O
Nitazoxanide,B,55981-09-4,C12H9N3O5S,CC(=O)OC1=CC=CC=C1C(=O)NC2=NC=C(S2)[N+](=O)[O-]
Nitrofurantoin,B,67-20-9,C8H6N4O5,C1C(=O)NC(=O)N1N=CC2=CC=C(O2)[N+](=O)[O-]
Nizatidine,B,76963-41-2,C12H21N5O2S2,CNC(=C[N+](=O)[O-])NCCSCC1=CSC(=N1)CN(C)C
Ondansetron,B,99614-02-5,C18H19N3O,CC1=NC=CN1CC2CCC3=C(C2=O)C4=CC=CC=C4N3C
Oxiconazole,B,64211-45-6,C18H13Cl4N3O,C1=CC(=C(C=C1Cl)Cl)CON=C(CN2C=CN=C2)C3=C(C=C(C=C3)Cl)Cl
Oxybutynin,B,5633-20-5,C22H31NO3,CCN(CC)CC#CCOC(=O)C(C1CCCCC1)(C2=CC=CC=C2)O
Palonosetron,B,135729-61-2,C19H24N2O,C1CC2CN(C(=O)C3=CC=CC(=C23)C1)C4CN5CCC4CC5
Pantoprazole,B,102625-70-7,C16H15F2N3O4S,COC1=C(C(=NC=C1)CS(=O)C2=NC3=C(N2)C=C(C=C3)OC(F)F)OC
Pegaptanib,B,222716-86-1,C22H44N3O10P,COCCOC(=O)NCCCCC(C(=O)NCCCCCCCOP(=O)(C)O)NC(=O)OCCOC
Pemoline,B,2152-34-3,C9H8N2O2,C1=CC=C(C=C1)C2C(=O)N=C(O2)N
Penciclovir,B,39809-25-1,C10H15N5O3,C1=NC2=C(N1CCC(CO)CO)N=C(NC2=O)N
Pepcid,B,76824-35-6,C8H15N7O2S3,C1=C(N=C(S1)N=C(N)N)CSCCC(=NS(=O)(=O)N)N
Pergolide,B,66104-22-1,C19H26N2S,CCCN1CC(CC2C1CC3=CNC4=CC=CC2=C34)CSC
Permethrin,B,52645-53-1,C21Cl2H20O3,CC1(C(C1C(=O)OCC2=CC(=CC=C2)OC3=CC=CC=C3)C=C(Cl)Cl)C
Phenazopyridine,B,94-78-0,C11H11N5,C1=CC=C(C=C1)N=NC2=C(N=C(C=C2)N)N
Pheniramine,B,86-21-5,C16H20N2,CN(C)CCC(C1=CC=CC=C1)C2=CC=CC=N2
Pindolol,B,13523-86-9,C14H20N2O2,CC(C)NCC(COC1=CC=CC2=C1C=CN2)O
Piperacillin,B,61477-96-1,C23H27N5O7S,CCN1CCN(C(=O)C1=O)C(=O)NC(C2=CC=CC=C2)C(=O)NC3C4N(C3=O)C(C(S4)(C)C)C(=O)O
Prasugrel,B,150322-43-3,C20H20FNO3S,CC(=O)OC1=CC2=C(S1)CCN(C2)C(C3=CC=CC=C3F)C(=O)C4CC4
Praziquantel,B,55268-74-1,C19H24N2O2,C1CCC(CC1)C(=O)N2CC3C4=CC=CC=C4CCN3C(=O)C2
Prilocaine,B,721-50-6,C13H20N2O,CCCNC(C)C(=O)NC1=CC=CC=C1C
Probenecid,B,57-66-9,C13H19NO4S,CCCN(CCC)S(=O)(=O)C1=CC=C(C=C1)C(=O)O
Propofol,B,2078-54-8,C12H18O,CC(C)C1=C(C(=CC=C1)C(C)C)O
Retapamulin,B,224452-66-8,C30H47NO4S,CC1CCC23CCC(=O)C2C1(C(CC(C(C3C)O)(C)C=C)OC(=O)CSC4CC5CCC(C4)N5C)C
Rilpivirine,B,500287-72-9,C22H18N6,CC1=CC(=CC(=C1NC2=NC(=NC=C2)NC3=CC=C(C=C3)C#N)C)C=CC#N
Ritodrine,B,26652-09-5,C17H21NO3,CC(C(C1=CC=C(C=C1)O)O)NCCC2=CC=C(C=C2)O
Rivastigmine,B,123441-03-2,C14H22N2O2,CCN(C)C(=O)OC1=CC=CC(=C1)C(C)N(C)C
Saxagliptin,B,361442-04-8,C18H25N3O2,C1C2CC2N(C1C#N)C(=O)C(C34CC5CC(C3)CC(C5)(C4)O)N
Sevoflurane,B,28523-86-6,C4H3F7O,C(OC(C(F)(F)F)C(F)(F)F)F
Sildenafil,B,139755-83-2,C22H30N6O4S,CCCC1=NN(C2=C1N=C(NC2=O)C3=C(C=CC(=C3)S(=O)(=O)N4CCN(CC4)C)OCC)C
Silodosin,B,160970-54-7,C25H32F3N3O4,CC(CC1=CC2=C(C(=C1)C(=O)N)N(CC2)CCCO)NCCOC3=CC=CC=C3OCC(F)(F)F
Sofosbuvir,B,1190307-88-0,C22H29FN3O9P,CC(C)OC(=O)C(C)NP(=O)(OCC1C(C(C(O1)N2C=CC(=O)NC2=O)(C)F)O)OC3=CC=CC=C3
Sotalol,B,3930-20-9,C12H20N2O3S,CC(C)NCC(C1=CC=C(C=C1)NS(=O)(=O)C)O
Sulbactam,B,68373-14-8,C8H11NO5S,CC1(C(N2C(S1(=O)=O)CC2=O)C(=O)O)C
Tadalafil,B,171596-29-5,C22H19N3O4,CN1CC(=O)N2C(C1=O)CC3=C(C2C4=CC5=C(C=C4)OCO5)NC6=CC=CC=C36
Tamsulosin,B,106133-20-4,C20H28N2O5S,CCOC1=CC=CC=C1OCCNC(C)CC2=CC(=C(C=C2)OC)S(=O)(=O)N
Tegaserod,B,145158-71-0,C16H23N5O,CCCCCN=C(N)NN=CC1=CNC2=C1C=C(C=C2)OC
Telbivudine,B,3424-98-4,C10H14N2O5,CC1=CN(C(=O)NC1=O)C2CC(C(O2)CO)O
Tenofovir,B,147127-20-6,C9H14N5O4P,CC(CN1C=NC2=C(N=CN=C21)N)OCP(=O)(O)O
Tenofovir alafenamide,B,379270-37-8,C21H29N6O5P,CC(C)OC(=O)C(C)NP(=O)(COC(C)CN1C=NC2=C(N=CN=C21)N)OC3=CC=CC=C3
Tenofovir disoproxil,B,201341-05-1,C19H30N5O10P,CC(C)OC(=O)OCOP(=O)(COC(C)CN1C=NC2=C(N=CN=C21)N)OCOC(=O)OC(C)C
Terbinafine,B,91161-71-6,C21H25N,CC(C)(C)C#CC=CCN(C)CC1=CC=CC2=CC=CC=C21
Ticarcillin,B,34787-01-4,C15H16N2O6S2,CC1(C(N2C(S1)C(C2=O)NC(=O)C(C3=CSC=C3)C(=O)O)C(=O)O)C
Ticlopidine,B,55142-85-3,C14H14ClNS,C1CN(CC2=C1SC=C2)CC3=CC=CC=C3Cl
Tirofiban,B,144494-65-5,C22H36N2O5S,CCCCS(=O)(=O)NC(CC1=CC=C(C=C1)OCCCCC2CCNCC2)C(=O)O
Torsemide,B,56211-40-6,C16H20N4O3S,CC1=CC(=CC=C1)NC2=C(C=NC=C2)S(=O)(=O)NC(=O)NC(C)C
Tranexamic acid,B,1197-18-8,C8H15NO2,C1CC(CCC1CN)C(=O)O
Triprolidine,B,486-12-4,C19H22N2,CC1=CC=C(C=C1)C(=CCN2CCCC2)C3=CC=CC=N3
Troglitazone,B,97322-87-7,C24H27NO5S,CC1=C(C2=C(CCC(O2)(C)COC3=CC=C(C=C3)CC4C(=O)NC(=O)S4)C(=C1O)C)C
Valacyclovir,B,124832-26-4,C13H20N6O4,CC(C)C(C(=O)OCCOCN1C=NC2=C1N=C(NC2=O)N)N
Vardenafil,B,224785-90-4,C23H32N6O4S,CCCC1=NC(=C2N1N=C(NC2=O)C3=C(C=CC(=C3)S(=O)(=O)N4CCN(CC4)CC)OCC)C
Vorapaxar,B,618385-01-6,C29H33FN2O4,CCOC(=O)NC1CCC2C(C1)CC3C(C2C=CC4=NC=C(C=C4)C5=CC(=CC=C5)F)C(OC3=O)C
Zafirlukast,B,107753-78-6,C31H33N3O6S,CC1=CC=CC=C1S(=O)(=O)NC(=O)C2=CC(=C(C=C2)CC3=CN(C4=C3C=C(C=C4)NC(=O)OC5CCCC5)C)OC
4-Hydroxybutanoic acid,C,591-81-1,C4H8O3,C(CC(=O)O)CO
Abacavir,C,136470-78-5,C14H18N6O,C1CC1NC2=C3C(=NC(=N2)N)N(C=N3)C4CC(C=C4)CO
Acetazolamide,C,59-66-5,C4H6N4O3S2,CC(=O)NC1=NN=C(S1)S(=O)(=O)N
Acetic acid,C,64-19-7,C2H4O2,CC(=O)O
Acetohexamide,C,968-81-0,C15H20N2O4S,CC(=O)C1=CC=C(C=C1)S(=O)(=O)NC(=O)NC2CCCCC2
Acetylcholine,C,51-84-3,C7H16NO2+,CC(=O)OCC[N+](C)(C)C
Aclidinium,C,727649-81-2,C26H30NO4S2+,C1C[N+]2(CCC1C(C2)OC(=O)C(C3=CC=CS3)(C4=CC=CS4)O)CCCOC5=CC=CC=C5
Adapalene,C,106685-40-9,C28H28O3,COC1=C(C=C(C=C1)C2=CC3=C(C=C2)C=C(C=C3)C(=O)O)C45CC6CC(C4)CC(C6)C5
Adefovir,C,106941-25-7,C8H12N5O4P,C1=NC(=C2C(=N1)N(C=N2)CCOCP(=O)(O)O)N
Alatrofloxacin,C,146961-76-4,C26H25F3N6O5,CC(C(=O)NC(C)C(=O)NC1C2C1CN(C2)C3=C(C=C4C(=O)C(=CN(C4=N3)C5=C(C=C(C=C5)F)F)C(=O)O)F)N
Albendazole,C,54965-21-8,C12H15N3O2S,CCCSC1=CC2=C(C=C1)N=C(N2)NC(=O)OC
Alclometasone,C,67452-97-5,C22H29ClO5,CC1CC2C3C(CC4=CC(=O)C=CC4(C3C(CC2(C1(C(=O)CO)O)C)O)C)Cl
Alendronic acid,C,66376-36-1,C4H13NO7P2,C(CC(O)(P(=O)(O)O)P(=O)(O)O)CN
Alfacalcidol,C,41294-56-8,C27H44O2,CC(C)CCCC(C)C1CCC2C1(CCCC2=CC=C3CC(CC(C3=C)O)O)C
Alfentanil,C,71195-58-9,C21H32N6O3,CCC(=O)N(C1=CC=CC=C1)C2(CCN(CC2)CCN3C(=O)N(N=N3)CC)COC
Allopurinol,C,315-30-0,C5H4N4O,C1=NNC2=C1C(=O)NC=N2
Almotriptan,C,154323-57-6,C17H25N3O2S,CN(C)CCC1=CNC2=C1C=C(C=C2)CS(=O)(=O)N3CCCC3
Amantadine,C,768-94-5,C10H17N,C1C2CC3CC1CC(C2)(C3)N
Ambenonium,C,7648-98-8,C28H42Cl2N4O2+2,CC[N+](CC)(CCNC(=O)C(=O)NCC[N+](CC)(CC)CC1=CC=CC=C1Cl)CC2=CC=CC=C2Cl
Amcinonide,C,51022-69-6,C28H35FO7,CC(=O)OCC(=O)C12C(CC3C1(CC(C4(C3CCC5=CC(=O)C=CC54C)F)O)C)OC6(O2)CCCC6
Aminocaproic acid,C,60-32-2,C6H13NO2,C(CCC(=O)O)CCN
Amitriptyline,C,50-48-6,C20H23N,CN(C)CCC=C1C2=CC=CC=C2CCC3=CC=CC=C31
Amlodipine,C,88150-42-9,C20H25ClN2O5,CCOC(=O)C1=C(NC(=C(C1C2=CC=CC=C2Cl)C(=O)OC)C)COCCN
Amoxapine,C,14028-44-5,C17H16ClN3O,C1CN(CCN1)C2=NC3=CC=CC=C3OC4=C2C=C(C=C4)Cl
Amphetamine,C,300-62-9,C9H13N,CC(CC1=CC=CC=C1)N
Amprenavir,C,161814-49-9,C25H35N3O6S,CC(C)CN(CC(C(CC1=CC=CC=C1)NC(=O)OC2CCOC2)O)S(=O)(=O)C3=CC=C(C=C3)N
Amrinone,C,60719-84-8,C10H9N3O,C1=CN=CC=C1C2=CNC(=O)C(=C2)N
Anagrelide,C,68475-42-3,C10H7Cl2N3O,C1C2=C(C=CC(=C2Cl)Cl)N=C3N1CC(=O)N3
Anisotropine,C,25333-49-7,C16H29NO2 ,CCCC(CCC)C(=O)OC1CC2CCC(C1)N2C
Antazoline,C,91-75-8,C17H19N3,C1CN=C(N1)CN(CC2=CC=CC=C2)C3=CC=CC=C3
Apomorphine,C,58-00-4,C17H17NO2,CN1CCC2=C3C1CC4=C(C3=CC=C2)C(=C(C=C4)O)O
Apraclonidine,C,66711-21-5,C9H10Cl2N4,C1CN=C(N1)NC2=C(C=C(C=C2Cl)N)Cl
Apremilast,C,608141-41-9,C22H24N2O7S,CCOC1=C(C=CC(=C1)C(CS(=O)(=O)C)N2C(=O)C3=C(C2=O)C(=CC=C3)NC(=O)C)OC
Argatroban,C,74863-84-6,C23H36N6O5S,CC1CCN(C(C1)C(=O)O)C(=O)C(CCCN=C(N)N)NS(=O)(=O)C2=CC=CC3=C2NCC(C3)C
Arginine,C,74-79-3,C6H14N4O2,C(CC(C(=O)O)N)CN=C(N)N
Aripiprazole,C,129722-12-9,C23H27Cl2N3O2,C1CC(=O)NC2=C1C=CC(=C2)OCCCCN3CCN(CC3)C4=C(C(=CC=C4)Cl)Cl
Armodafinil,C,112111-43-0,C15H15NO2S,C1=CC=C(C=C1)C(C2=CC=CC=C2)S(=O)CC(=O)N
Ascorbic Acid,C,50-81-7,C6H8O6 ,C(C(C1C(=C(C(=O)O1)O)O)O)O
Asenapine,C,65576-45-6,C17H16ClNO,CN1CC2C(C1)C3=C(C=CC(=C3)Cl)OC4=CC=CC=C24
Asparaginase,C,9015-68-3,C4H7N2O3-,C(C(C(=O)[O-])N)C(=O)N
Astemizole,C,68844-77-9,C28H31FN4O,COC1=CC=C(C=C1)CCN2CCC(CC2)NC3=NC4=CC=CC=C4N3CC5=CC=C(C=C5)F
Atomoxetine,C,83015-26-3,C17H21NO,CC1=CC=CC=C1OC(CCNC)C2=CC=CC=C2
Atovaquone,C,95233-18-4,C22H19ClO3,C1CC(CCC1C2=CC=C(C=C2)Cl)C3=C(C4=CC=CC=C4C(=O)C3=O)O
Avanafil,C,330784-47-9,C23H26ClN7O3,COC1=C(C=C(C=C1)CNC2=NC(=NC=C2C(=O)NCC3=NC=CC=N3)N4CCCC4CO)Cl
Azatadine,C,3964-81-6,C20H22N2,CN1CCC(=C2C3=CC=CC=C3CCC4=C2N=CC=C4)CC1
Azelastine,C,58581-89-8,C22H24ClN3O,CN1CCCC(CC1)N2C(=O)C3=CC=CC=C3C(=N2)CC4=CC=C(C=C4)Cl
Baclofen,C,1134-47-0,C10H12ClNO2,C1=CC(=CC=C1C(CC(=O)O)CN)Cl
Beclomethasone,C,4419-39-0,C22H29ClO5,CC1CC2C3CCC4=CC(=O)C=CC4(C3(C(CC2(C1(C(=O)CO)O)C)O)Cl)C
Bendroflumethiazide,C,73-48-3,C15H14F3N3O4S2,C1=CC=C(C=C1)CC2NC3=C(C=C(C(=C3)C(F)(F)F)S(=O)(=O)N)S(=O)(=O)N2
Benzocaine,C,94-09-7,C9H11NO2,CCOC(=O)C1=CC=C(C=C1)N
Benzoyl Peroxide,C,94-36-0,C14H10O4,C1=CC=C(C=C1)C(=O)OOC(=O)C2=CC=CC=C2
Benztropine,C,86-13-5,C21H25NO,CN1C2CCC1CC(C2)OC(C3=CC=CC=C3)C4=CC=CC=C4
Bepridil,C,64706-54-3,C24H34N2O,CC(C)COCC(CN(CC1=CC=CC=C1)C2=CC=CC=C2)N3CCCC3
Besifloxacin,C,141388-76-3,C19H21ClFN3O3,C1CCN(CC(C1)N)C2=C(C=C3C(=C2Cl)N(C=C(C3=O)C(=O)O)C4CC4)F
Beta-Carotene,C,7235-40-7,C40H56,CC1=C(C(CCC1)(C)C)C=CC(=CC=CC(=CC=CC=C(C)C=CC=C(C)C=CC2=C(CCCC2(C)C)C)C)C
Betaine,C,107-43-7,C5H11NO2,C[N+](C)(C)CC(=O)[O-]
Betamethasone,C,378-44-9,C22H29FO5,CC1CC2C3CCC4=CC(=O)C=CC4(C3(C(CC2(C1(C(=O)CO)O)C)O)F)C
Betaxolol,C,63659-18-7,C18H29NO3,CC(C)NCC(COC1=CC=C(C=C1)CCOCC2CC2)O
Bethanechol,C,674-38-4,C7H17N2O2+,CC(C[N+](C)(C)C)OC(=O)N
Bimatoprost,C,155206-00-1,C25H37NO4,CCNC(=O)CCCC=CCC1C(CC(C1C=CC(CCC2=CC=CC=C2)O)O)O
Biperiden,C,514-65-8,C21H29NO,C1CCN(CC1)CCC(C2CC3CC2C=C3)(C4=CC=CC=C4)O
Bisacodyl,C,603-50-9,C22H19NO4,CC(=O)OC1=CC=C(C=C1)C(C2=CC=C(C=C2)OC(=O)C)C3=CC=CC=N3
Bisoprolol,C,66722-44-9,C18H31NO4,CC(C)NCC(COC1=CC=C(C=C1)COCCOC(C)C)O
Bretylium,C,59-41-6,C11H17BrN+,CC[N+](C)(C)CC1=CC=CC=C1Br
Brinzolamide,C,138890-62-7,C12H21N3O5S3,CCNC1CN(S(=O)(=O)C2=C1C=C(S2)S(=O)(=O)N)CCCOC
Brivaracetam,C,357336-20-0,C11H20N2O2,CCCC1CC(=O)N(C1)C(CC)C(=O)N
Bromfenac,C,91714-94-2,C15H12BrNO3,C1=CC(=C(C(=C1)C(=O)C2=CC=C(C=C2)Br)N)CC(=O)O
Buclizine,C,82-95-1,C28H33ClN2,CC(C)(C)C1=CC=C(C=C1)CN2CCN(CC2)C(C3=CC=CC=C3)C4=CC=C(C=C4)Cl
Budesonide,C,51333-22-3,C25H34O6,CCCC1OC2CC3C4CCC5=CC(=O)C=CC5(C4C(CC3(C2(O1)C(=O)CO)C)O)C
Bumetanide,C,28395-03-1,C17H20N2O5S,CCCCNC1=C(C(=CC(=C1)C(=O)O)S(=O)(=O)N)OC2=CC=CC=C2
Buprenorphine,C,52485-79-7,C29H41NO4,CC(C)(C)C(C)(C1CC23CCC1(C4C25CCN(C3CC6=C5C(=C(C=C6)O)O4)CC7CC7)OC)O
Bupropion,C,34911-55-2,C13H18ClNO,CC(C(=O)C1=CC(=CC=C1)Cl)NC(C)(C)C
Butenafine,C,101828-21-1,C23H27N,CC(C)(C)C1=CC=C(C=C1)CN(C)CC2=CC=CC3=CC=CC=C32
Butoconazole,C,64872-76-0,C19H17Cl3N2S,C1=CC(=C(C(=C1)Cl)SC(CCC2=CC=C(C=C2)Cl)CN3C=CN=C3)Cl
Butorphanol,C,42408-82-2,C21H29NO2,C1CCC2(C3CC4=C(C2(C1)CCN3CC5CCC5)C=C(C=C4)O)O
Caffeine,C,58-08-2,C8H10N4O2,CN1C=NC2=C1C(=O)N(C(=O)N2C)C
Calcifediol,C,19356-17-3,C27H44O2,CC(CCCC(C)(C)O)C1CCC2C1(CCCC2=CC=C3CC(CCC3=C)O)C
Calcipotriol,C,112965-21-6,C27H40O3,CC(C=CC(C1CC1)O)C2CCC3C2(CCCC3=CC=C4CC(CC(C4=C)O)O)C
Calcitriol,C,32222-06-3,C27H44O3,CC(CCCC(C)(C)O)C1CCC2C1(CCCC2=CC=C3CC(CC(C3=C)O)O)C
Canagliflozin,C,842133-18-0,C24H25FO5S,CC1=C(C=C(C=C1)C2C(C(C(C(O2)CO)O)O)O)CC3=CC=C(S3)C4=CC=C(C=C4)F
Cangrelor,C,163706-06-7,C17H25Cl2F3N5O12P3S2,CSCCNC1=C2C(=NC(=N1)SCCC(F)(F)F)N(C=N2)C3C(C(C(O3)COP(=O)(O)OP(=O)(C(P(=O)(O)O)(Cl)Cl)O)O)O
Carbachol,C,51-83-2,C6H15N2O2.Cl,C[N+](C)(C)CCOC(=O)N.[Cl-]
Carbidopa,C,28860-95-9,C10H14N2O4,CC(CC1=CC(=C(C=C1)O)O)(C(=O)O)NN
Carbinoxamine,C,486-16-8,C16H19ClN2O,CN(C)CCOC(C1=CC=C(C=C1)Cl)C2=CC=CC=N2
Carboprost,C,35700-23-3,C21H36O5,CCCCCC(C)(C=CC1C(CC(C1CC=CCCCC(=O)O)O)O)O
Carteolol,C,51781-06-7,C16H24N2O3,CC(C)(C)NCC(COC1=CC=CC2=C1CCC(=O)N2)O
Carvedilol,C,72956-09-3,C24H26N2O4,COC1=CC=CC=C1OCCNCC(COC2=CC=CC3=C2C4=CC=CC=C4N3)O
Celecoxib,C,169590-42-5,C17H14F3N3O2S,CC1=CC=C(C=C1)C2=CC(=NN2C3=CC=C(C=C3)S(=O)(=O)N)C(F)(F)F
Cetylpyridinium,C,7773-52-6,C21H38N+,CCCCCCCCCCCCCCCC[N+]1=CC=CC=C1
Chloral hydrate,C,302-17-0,C2H3Cl3O2,C(C(Cl)(Cl)Cl)(O)O
Chloramphenicol,C,56-75-7,C11H12Cl2N2O5,C1=CC(=CC=C1C(C(CO)NC(=O)C(Cl)Cl)O)[N+](=O)[O-]
Chlorhexidine,C,55-56-1,C22H30Cl2N10,C1=CC(=CC=C1NC(=NC(=NCCCCCCN=C(N)N=C(N)NC2=CC=C(C=C2)Cl)N)N)Cl
Chloroprocaine,C,133-16-4,C13H19ClN2O2,CCN(CC)CCOC(=O)C1=C(C=C(C=C1)N)Cl
Chlorothiazide,C,58-94-6,C7H6ClN3O4S2,C1=C2C(=CC(=C1Cl)S(=O)(=O)N)S(=O)(=O)N=CN2
Chlorpromazine,C,50-53-3,C17H19ClN2S,CN(C)CCCN1C2=CC=CC=C2SC3=C1C=C(C=C3)Cl
Chlorpropamide,C,94-20-2,C10H13ClN2O3S,CCCNC(=O)NS(=O)(=O)C1=CC=C(C=C1)Cl
Chlorzoxazone,C,95-25-0,C7H4ClNO2,C1=CC2=C(C=C1Cl)NC(=O)O2
Cholestyramine,C,11041-12-6,C27H47ClN2,CCC(C)C.CCC(CC(C)C1=CC=CC=C1)C2=CC=C(C=C2)C[N+](C)(C)C.N.[Cl-]
Ciclesonide,C,126544-47-6,C32H44O7,CC(C)C(=O)OCC(=O)C12C(CC3C1(CC(C4C3CCC5=CC(=O)C=CC45C)O)C)OC(O2)C6CCCCC6
Cidofovir,C,113852-37-2,C8H14N3O6P,C1=CN(C(=O)N=C1N)CC(CO)OCP(=O)(O)O
Cilastatin,C,82009-34-5,C16H26N2O5S,CC1(CC1C(=O)NC(=CCCCCSCC(C(=O)O)N)C(=O)O)C
Cilostazol,C,73963-72-1,C20H27N5O2,C1CCC(CC1)N2C(=NN=N2)CCCCOC3=CC4=C(C=C3)NC(=O)CC4
Cinacalcet,C,226256-56-0,C22H22F3N,CC(C1=CC=CC2=CC=CC=C21)NCCCC3=CC(=CC=C3)C(F)(F)F
Cinoxacin,C,28657-80-9,C12H10N2O5,CCN1C2=CC3=C(C=C2C(=O)C(=N1)C(=O)O)OCO3
Ciprofloxacin,C,85721-33-1,C17H18FN3O3,C1CC1N2C=C(C(=O)C3=CC(=C(C=C32)N4CCNCC4)F)C(=O)O
Citalopram,C,59729-33-8,C20H21FN2O,CN(C)CCCC1(C2=C(CO1)C=C(C=C2)C#N)C3=CC=C(C=C3)F
Clarithromycin,C,81103-11-9,C38H69NO13,CCC1C(C(C(C(=O)C(CC(C(C(C(C(C(=O)O1)C)OC2CC(C(C(O2)C)O)(C)OC)C)OC3C(C(CC(O3)C)N(C)C)O)(C)OC)C)C)O)(C)O
Clevidipine,C,167221-71-8,C21H23Cl2NO6,CCCC(=O)OCOC(=O)C1=C(NC(=C(C1C2=C(C(=CC=C2)Cl)Cl)C(=O)OC)C)C
Clobetasol,C,25122-41-2,C22H28ClFO4,CC1CC2C3CCC4=CC(=O)C=CC4(C3(C(CC2(C1(C(=O)CCl)O)C)O)F)C
Clocortolone,C,4828-27-7,C22H28ClFO4,CC1CC2C3CC(C4=CC(=O)C=CC4(C3(C(CC2(C1C(=O)CO)C)O)Cl)C)F
Clofibrate,C,637-07-0,C12H15ClO3,CCOC(=O)C(C)(C)OC1=CC=C(C=C1)Cl
Clonidine,C,4205-90-7,C9H9Cl2N3,C1CN=C(N1)NC2=C(C=CC=C2Cl)Cl
Cocaine,C,50-36-2,C17H21NO4,CN1C2CCC1C(C(C2)OC(=O)C3=CC=CC=C3)C(=O)OC
Codeine,C,76-57-3,C18H21NO3,CN1CCC23C4C1CC5=C2C(=C(C=C5)OC)OC3C(C=C4)O
Colchicine,C,64-86-8,C22H25NO6,CC(=O)NC1CCC2=CC(=C(C(=C2C3=CC=C(C(=O)C=C13)OC)OC)OC)OC
Collagenase,C,12-01-9001,C60H100N2,CCCCCCCCC1CCC2(C1(CCC3(C2CCC4(C3(CC5=C(C4)N=C6CC7(C(CCC8C7(CCC9(C8(CCC9CCCCCCCC)C)C)C)(CC6=N5)C)C)C)C)C)C)C
Conivaptan,C,210101-16-9,C32H26N4O2,CC1=NC2=C(N1)CCN(C3=CC=CC=C32)C(=O)C4=CC=C(C=C4)NC(=O)C5=CC=CC=C5C6=CC=CC=C6
Crotamiton,C,483-63-6,C13H17NO,CCN(C1=CC=CC=C1C)C(=O)C=CC
Cycloserine,C,68-41-7,C3H6N2O2,C1C(C(=O)NO1)N
Cysteine,C,52-90-4,C3H7NO2S,C(C(C(=O)O)N)S
Dabigatran,C,211914-51-1,C25H25N7O3,CN1C2=C(C=C(C=C2)C(=O)N(CCC(=O)O)C3=CC=CC=N3)N=C1CNC4=CC=C(C=C4)C(=N)N
Dabigatran etexilate,C,211915-06-9,C34H41N7O5,CCCCCCOC(=O)NC(=N)C1=CC=C(C=C1)NCC2=NC3=C(N2C)C=CC(=C3)C(=O)N(CCC(=O)OCC)C4=CC=CC=N4
Dacarbazine,C,03-04-4342,C6H10N6O,CN(C)N=NC1=C(NC=N1)C(=O)N
Dantrolene,C,7261-97-4,C14H10N4O5,C1C(=O)NC(=O)N1N=CC2=CC=C(O2)C3=CC=C(C=C3)[N+](=O)[O-]
Dapagliflozin,C,461432-26-8,C21H25ClO6,CCOC1=CC=C(C=C1)CC2=C(C=CC(=C2)C3C(C(C(C(O3)CO)O)O)O)Cl
Dapsone,C,80-08-0,C12H12N2O2S,C1=CC(=CC=C1N)S(=O)(=O)C2=CC=C(C=C2)N
Darifenacin,C,133099-04-4,C28H30N2O2,C1CN(CC1C(C2=CC=CC=C2)(C3=CC=CC=C3)C(=O)N)CCC4=CC5=C(C=C4)OCC5
Darunavir,C,206361-99-1,C27H37N3O7S,CC(C)CN(CC(C(CC1=CC=CC=C1)NC(=O)OC2COC3C2CCO3)O)S(=O)(=O)C4=CC=C(C=C4)N
Deferasirox,C,201530-41-8,C21H15N3O4,C1=CC=C(C(=C1)C2=NN(C(=N2)C3=CC=CC=C3O)C4=CC=C(C=C4)C(=O)O)O
Deferoxamine,C,70-51-9,C25H48N6O8,CC(=O)N(CCCCCNC(=O)CCC(=O)N(CCCCCNC(=O)CCC(=O)N(CCCCCN)O)O)O
Delavirdine,C,136817-59-9,C22H28N6O3S,CC(C)NC1=C(N=CC=C1)N2CCN(CC2)C(=O)C3=CC4=C(N3)C=CC(=C4)NS(=O)(=O)C
Desipramine,C,50-47-5,C18H22N2,CNCCCN1C2=CC=CC=C2CCC3=CC=CC=C31
Desloratadine,C,100643-71-8,C19H19ClN2,C1CC2=C(C=CC(=C2)Cl)C(=C3CCNCC3)C4=C1C=CC=N4
Desonide,C,638-94-8,C24H32O6,CC1(OC2CC3C4CCC5=CC(=O)C=CC5(C4C(CC3(C2(O1)C(=O)CO)C)O)C)C
Desvenlafaxine,C,93413-62-8,C16H25NO2,CN(C)CC(C1=CC=C(C=C1)O)C2(CCCCC2)O
Dexbrompheniramine,C,132-21-8,C16H19BrN2,CN(C)CCC(C1=CC=C(C=C1)Br)C2=CC=CC=N2
Dexketoprofen,C,22161-81-5,C16H14O3,CC(C1=CC(=CC=C1)C(=O)C2=CC=CC=C2)C(=O)O
Dexmedetomidine,C,113775-47-6,C13H16N2,CC1=C(C(=CC=C1)C(C)C2=CN=CN2)C
Dexpanthenol,C,81-13-0,C9H19NO4,CC(C)(CO)C(C(=O)NCCCO)O
Diazoxide,C,364-98-7,C8H7ClN2O2S,CC1=NS(=O)(=O)C2=C(N1)C=CC(=C2)Cl
Dichlorphenamide,C,120-97-8,C6H6Cl2N2O4S2,C1=C(C=C(C(=C1S(=O)(=O)N)Cl)Cl)S(=O)(=O)N
Digitoxin,C,71-63-6,C41H64O13,CC1C(C(CC(O1)OC2C(OC(CC2O)OC3C(OC(CC3O)OC4CCC5(C(C4)CCC6C5CCC7(C6(CCC7C8=CC(=O)OC8)O)C)C)C)C)O)O
Digoxin,C,20830-75-5,C41H64O14,CC1C(C(CC(O1)OC2C(OC(CC2O)OC3C(OC(CC3O)OC4CCC5(C(C4)CCC6C5CC(C7(C6(CCC7C8=CC(=O)OC8)O)C)O)C)C)C)O)O
Diltiazem,C,42399-41-7,C22H26N2O4S,CC(=O)OC1C(SC2=CC=CC=C2N(C1=O)CCN(C)C)C3=CC=C(C=C3)OC
Dimethyl fumarate,C,624-49-7,C6H8O4,COC(=O)C=CC(=O)OC
Dimethyl sulfoxide,C,67-68-5,C2H6OS,CS(=O)C
Dinoprostone,C,363-24-6,C20H32O5,CCCCCC(C=CC1C(CC(=O)C1CC=CCCCC(=O)O)O)O
Diphenoxylate,C,915-30-0,C30H32N2O2,CCOC(=O)C1(CCN(CC1)CCC(C#N)(C2=CC=CC=C2)C3=CC=CC=C3)C4=CC=CC=C4
Dirithromycin,C,62013-04-1,C42H78N2O14,CCC1C(C2C(C(C(CC(C(C(C(C(C(=O)O1)C)OC3CC(C(C(O3)C)O)(C)OC)C)OC4C(C(CC(O4)C)N(C)C)O)(C)O)C)NC(O2)COCCOC)C)(C)O
Disopyramide,C,09-05-3737,C21H29N3O,CC(C)N(CCC(C1=CC=CC=C1)(C2=CC=CC=N2)C(=O)N)C(C)C
Docusate,C,10041-19-7,C20H38O7S,CCCCC(CC)COC(=O)CC(C(=O)OCC(CC)CCCC)S(=O)(=O)O
Dofetilide,C,115256-11-6,C19H27N3O5S2,CN(CCC1=CC=C(C=C1)NS(=O)(=O)C)CCOC2=CC=C(C=C2)NS(=O)(=O)C
Domperidone,C,57808-66-9,C22H24ClN5O2,C1CN(CCC1N2C3=C(C=C(C=C3)Cl)NC2=O)CCCN4C5=CC=CC=C5NC4=O
Donepezil,C,120014-06-4,C24H29NO3,COC1=C(C=C2C(=C1)CC(C2=O)CC3CCN(CC3)CC4=CC=CC=C4)OC
Dopamine,C,51-61-6,C8H11NO2,C1=CC(=C(C=C1CCN)O)O
Dorzolamide,C,120279-96-1,C10H16N2O4S3,CCNC1CC(S(=O)(=O)C2=C1C=C(S2)S(=O)(=O)N)C
Doxazosin,C,74191-85-8,C23H25N5O5,COC1=C(C=C2C(=C1)C(=NC(=N2)N3CCN(CC3)C(=O)C4COC5=CC=CC=C5O4)N)OC
Doxepin,C,1668-19-5,C19H21NO,CN(C)CCC=C1C2=CC=CC=C2COC3=CC=CC=C31
Dronabinol,C,08-03-1972,C21H30O2,CCCCCC1=CC(=C2C3C=C(CCC3C(OC2=C1)(C)C)C)O
Droperidol,C,548-73-2,C22H22FN3O2,C1CN(CC=C1N2C3=CC=CC=C3NC2=O)CCCC(=O)C4=CC=C(C=C4)F
Droxidopa,C,23651-95-8,C9H11NO5,C1=CC(=C(C=C1C(C(C(=O)O)N)O)O)O
Duloxetine,C,116539-59-4,C18H19NOS,CNCCC(C1=CC=CS1)OC2=CC=CC3=CC=CC=C32
Dyclonine,C,586-60-7,C18H27NO2,CCCCOC1=CC=C(C=C1)C(=O)CCN2CCCCC2
Echothiophate,C,03-04-6736,C9H23NO3PS+,CCOP(=O)(OCC)SCC[N+](C)(C)C
Econazole,C,27220-47-9,C18H15Cl3N2O,C1=CC(=CC=C1COC(CN2C=CN=C2)C3=C(C=C(C=C3)Cl)Cl)Cl
Edoxaban,C,480449-70-5,C24H30ClN7O4S,CN1CCC2=C(C1)SC(=N2)C(=O)NC3CC(CCC3NC(=O)C(=O)NC4=NC=C(C=C4)Cl)C(=O)N(C)C
Edrophonium,C,312-48-1,C10H16NO+,CC[N+](C)(C)C1=CC(=CC=C1)O
Efavirenz,C,154598-52-4,C14H9ClF3NO2,C1CC1C#CC2(C3=C(C=CC(=C3)Cl)NC(=O)O2)C(F)(F)F
Efinaconazole,C,164650-44-6,C18H22F2N4O,CC(C(CN1C=NC=N1)(C2=C(C=C(C=C2)F)F)O)N3CCC(=C)CC3
Eletriptan,C,143322-58-1,C22H26N2O2S,CN1CCCC1CC2=CNC3=C2C=C(C=C3)CCS(=O)(=O)C4=CC=CC=C4
Eliglustat,C,491833-29-5,C23H36N2O4,CCCCCCCC(=O)NC(CN1CCCC1)C(C2=CC3=C(C=C2)OCCO3)O
Eltrombopag,C,496775-61-2,C25H22N4O4,CC1=C(C=C(C=C1)N2C(=O)C(=C(N2)C)N=NC3=CC=CC(=C3O)C4=CC(=CC=C4)C(=O)O)C
Empagliflozin,C,864070-44-0,C23H27ClO7,C1COCC1OC2=CC=C(C=C2)CC3=C(C=CC(=C3)C4C(C(C(C(O4)CO)O)O)O)Cl
Entacapone,C,130929-57-6,C14H15N3O5,CCN(CC)C(=O)C(=CC1=CC(=C(C(=C1)O)O)[N+](=O)[O-])C#N
Entecavir,C,142217-69-4,C12H15N5O3,C=C1C(CC(C1CO)O)N2C=NC3=C2N=C(NC3=O)N
Ephedrine,C,299-42-3,C10H15NO,CC(C(C1=CC=CC=C1)O)NC
Epinephrine,C,51-43-4,C9H13NO3,NCC(C1=CC(=C(C=C1)O)O)O
Ergocalciferol,C,50-14-6,C28H44O,CC(C)C(C)C=CC(C)C1CCC2C1(CCCC2=CC=C3CC(CCC3=C)O)C
Esmolol,C,81147-92-4,C16H25NO4,CC(C)NCC(COC1=CC=C(C=C1)CCC(=O)OC)O
Ethchlorvynol,C,113-18-8,C7H9ClO,CCC(C=CCl)(C#C)O
Ethionamide,C,536-33-4,C8H10N2S,CCC1=NC=CC(=C1)C(=S)N
Ethosuximide,C,77-67-8,C7H11NO2,CCC1(CC(=O)NC1=O)C
Etidronic acid,C,2809-21-4,C2H8O7P2,CC(O)(P(=O)(O)O)P(=O)(O)O
Etomidate,C,33125-97-2,C14H16N2O2,CCOC(=O)C1=CN=CN1C(C)C2=CC=CC=C2
Everolimus,C,159351-69-6,C53H83NO14,CC1CCC2CC(C(=CC=CC=CC(CC(C(=O)C(C(C(=CC(C(=O)CC(OC(=O)C3CCCCN3C(=O)C(=O)C1(O2)O)C(C)CC4CCC(C(C4)OC)OCCO)C)C)O)OC)C)C)C)OC
Ezetimibe,C,163222-33-1,C24H21F2NO3,C1=CC(=CC=C1C2C(C(=O)N2C3=CC=C(C=C3)F)CCC(C4=CC=C(C=C4)F)O)O
Febuxostat,C,144060-53-7,C16H16N2O3S,CC1=C(SC(=N1)C2=CC(=C(C=C2)OCC(C)C)C#N)C(=O)O
Felbamate,C,25451-15-4,C11H14N2O4,C1=CC=C(C=C1)C(COC(=O)N)COC(=O)N
Felodipine,C,72509-76-3,C18H19Cl2NO4,CCOC(=O)C1=C(NC(=C(C1C2=C(C(=CC=C2)Cl)Cl)C(=O)OC)C)C
Fenfluramine,C,458-24-2,C12H16F3N,CCNC(C)CC1=CC(=CC=C1)C(F)(F)F
Fenofibrate,C,49562-28-9,C20H21ClO4,CC(C)OC(=O)C(C)(C)OC1=CC=C(C=C1)C(=O)C2=CC=C(C=C2)Cl
Fentanyl,C,437-38-7,C22H28N2O,CCC(=O)N(C1CCN(CC1)CCC2=CC=CC=C2)C3=CC=CC=C3
Fesoterodine,C,286930-02-7,C26H37NO3,CC(C)C(=O)OC1=C(C=C(C=C1)CO)C(CCN(C(C)C)C(C)C)C2=CC=CC=C2
Fexofenadine,C,83799-24-0,C32H39NO4,CC(C)(C1=CC=C(C=C1)C(CCCN2CCC(CC2)C(C3=CC=CC=C3)(C4=CC=CC=C4)O)O)C(=O)O
Finafloxacin,C,209342-40-5,C20H19FN4O4,C1CC1N2C=C(C(=O)C3=CC(=C(C(=C32)C#N)N4CC5C(C4)OCCN5)F)C(=O)O
Fingolimod,C,162359-55-9,C19H33NO2,CCCCCCCCC1=CC=C(C=C1)CCC(CO)(CO)N
Flecainide,C,54143-55-4,C17H20F6N2O3,C1CCNC(C1)CNC(=O)C2=C(C=CC(=C2)OCC(F)(F)F)OCC(F)(F)F
Flucytosine,C,2022-85-7,C4H4FN3O,C1=NC(=O)NC(=C1F)N
Fludrocortisone,C,127-31-1,C21H29FO5,CC12CCC(=O)C=C1CCC3C2(C(CC4(C3CCC4(C(=O)CO)O)C)O)F
Flunisolide,C,03-03-3385,C24H31FO6,CC1(OC2CC3C4CC(C5=CC(=O)C=CC5(C4C(CC3(C2(O1)C(=O)CO)C)O)C)F)C
Fluocinolone,C,807-38-5,C21H26F2O6,CC12CC(C3(C(C1CC(C2(C(=O)CO)O)O)CC(C4=CC(=O)C=CC43C)F)F)O
Fluocinonide,C,356-12-7,C26H32F2O7,CC(=O)OCC(=O)C12C(CC3C1(CC(C4(C3CC(C5=CC(=O)C=CC54C)F)F)O)C)OC(O2)(C)C
Fluoxetine,C,54910-89-3,C17H18F3NO,CNCCC(C1=CC=CC=C1)OC2=CC=C(C=C2)C(F)(F)F
Fluphenazine,C,69-23-8,C22H26F3N3OS,C1CN(CCN1CCCN2C3=CC=CC=C3SC4=C2C=C(C=C4)C(F)(F)F)CCO
Fluticasone,C,90566-53-3,C22H27F3O4S,CC1CC2C3CC(C4=CC(=O)C=CC4(C3(C(CC2(C1(C(=O)SCF)O)C)O)F)C)F
Fluvoxamine,C,54739-18-3,C15H21F3N2O2,COCCCCC(=NOCCN)C1=CC=C(C=C1)C(F)(F)F
Folinic acid,C,1000669-05-5,C57H64FN13O15,CCC1=C2CN3C(=CC4=C(C3=O)COC(=O)C4(CC)O)C2=NC5=C1C=C(C=C5)OC(=O)N6CCC(CC6)N7CCCCC7.C1C(N(C2=C(N1)N=C(NC2=O)N)C=O)CNC3=CC=C(C=C3)C(=O)NC(CCC(=O)O)C(=O)O.C1=C(C(=O)NC(=O)N1)F
Formoterol,C,73573-87-2,C19H24N2O4,CC(CC1=CC=C(C=C1)OC)NCC(C2=CC(=C(C=C2)O)NC=O)O
Fosamprenavir,C,226700-79-4,C25H36N3O9PS,CC(C)CN(CC(C(CC1=CC=CC=C1)NC(=O)OC2CCOC2)OP(=O)(O)O)S(=O)(=O)C3=CC=C(C=C3)N
Foscarnet,C,4428-95-9,CH3O5P,C(=O)(O)P(=O)(O)O
Frovatriptan,C,77992,C14H17N3O,CNC1CCC2=C(C1)C3=C(N2)C=CC(=C3)C(=O)N
Furazolidona,C,67-45-8,C8H7N3O5,C1COC(=O)N1N=CC2=CC=C(O2)[N+](=O)[O-]
Gabapentin,C,60142-96-3,C9H17NO2,C1CCC(CC1)(CC(=O)O)CN
Gatifloxacin,C,112811-59-3,C19H22FN3O4,CC1CN(CCN1)C2=C(C=C3C(=C2OC)N(C=C(C3=O)C(=O)O)C4CC4)F
Gemfibrozil,C,25812-30-0,C15H22O3,CC1=CC(=C(C=C1)C)OCCCC(C)(C)C(=O)O
Gemifloxacin,C,175463-14-6,C18H20FN5O4,CON=C1CN(CC1CN)C2=C(C=C3C(=O)C(=CN(C3=N2)C4CC4)C(=O)O)F
Glimepiride,C,93479-97-1,C24H34N4O5S,CCC1=C(CN(C1=O)C(=O)NCCC2=CC=C(C=C2)S(=O)(=O)NC(=O)NC3CCC(CC3)C)C
Glipizide,C,29094-61-9,C21H27N5O4S,CC1=CN=C(C=N1)C(=O)NCCC2=CC=C(C=C2)S(=O)(=O)NC(=O)NC3CCCCC3
Glutamic acid,C,56-86-0,C5H9NO4,C(CC(=O)O)C(C(=O)O)N
Glyburide,C,10238-21-8,C23H28ClN3O5S,COC1=C(C=C(C=C1)Cl)C(=O)NCCC2=CC=C(C=C2)S(=O)(=O)NC(=O)NC3CCCCC3
Glycerol,C,56-81-5,C3H8O3,C(C(CO)O)O
Grepafloxacin,C,119914-60-2,C19H22FN3O3,CC1CN(CCN1)C2=C(C(=C3C(=C2)N(C=C(C3=O)C(=O)O)C4CC4)C)F
Guaifenesin,C,93-14-1,C10H14O4,COC1=CC=CC=C1OCC(CO)O
Halcinonide,C,3093-35-4,C24H32ClFO5,CC1(OC2CC3C4CCC5=CC(=O)CCC5(C4(C(CC3(C2(O1)C(=O)CCl)C)O)F)C)C
Halofantrine,C,69756-53-2,C26H30Cl2F3NO,CCCCN(CCCC)CCC(C1=C2C=CC(=CC2=C3C=C(C=C(C3=C1)Cl)Cl)C(F)(F)F)O
Haloperidol,C,52-86-8,C21H23ClFNO2,C1CN(CCC1(C2=CC=C(C=C2)Cl)O)CCCC(=O)C3=CC=C(C=C3)F
Haloperidol decanoate,C,74050-97-8,C31H41ClFNO3,CCCCCCCCCC(=O)OC1(CCN(CC1)CCCC(=O)C2=CC=C(C=C2)F)C3=CC=C(C=C3)Cl
Halothane,C,151-67-7,BrClHC2F3,C(C(F)(F)F)(Cl)Br
Hemanthidine,C,466-73-9,C17H19NO5,COC1CC2C3(C=C1)C(CN2C(C4=CC5=C(C=C34)OCO5)O)O
Hexachlorophene,C,70-30-4,C13H6Cl6O2,C1=C(C(=C(C(=C1Cl)Cl)CC2=C(C(=CC(=C2Cl)Cl)Cl)O)O)Cl
Histidine,C,71-00-1,C6H9N3O2,C1=C(NC=N1)CC(C(=O)O)N
Hydralazine,C,86-54-4,C8H8N4,C1=CC=C2C(=C1)C=NN=C2NN
Hydrocortisone,C,50-23-7,C21H30O5,CC12CCC(=O)C=C1CCC3C2C(CC4(C3CCC4(C(=O)CO)O)C)O
Hydromorphone,C,466-99-9,C17H19NO3,CN1CCC23C4C1CC5=C2C(=C(C=C5)O)OC3C(=O)CC4
Hydroquinone,C,123-31-9,C6H6O2,C1=CC(=CC=C1O)O
Hypromellosum,C,9004-65-3,C32H60O19,CC(COCC1C(C(C(C(O1)OC)OCC(C)O)OCC(C)O)OC2C(C(C(C(O2)COC)OC3C(C(C(C(O3)CO)OC)O)O)OC)OC)O
Ibandronic acid,C,114084-78-5,C9H23NO7P2,CCCCCN(C)CCC(O)(P(=O)(O)O)P(=O)(O)O
Ibutilide,C,122647-31-8,C20H36N2O3S,CCCCCCCN(CC)CCCC(C1=CC=C(C=C1)NS(=O)(=O)C)O
Iloperidone,C,133454-47-4,C24H27FN2O4,CC(=O)C1=CC(=C(C=C1)OCCCN2CCC(CC2)C3=NOC4=C3C=CC(=C4)F)OC
Imipenem,C,64221-86-9,C12H17N3O4S,CC(C1C2CC(=C(N2C1=O)C(=O)O)SCCN=CN)O
Indacaterol,C,312753-06-3,C24H28N2O3,CCC1=C(C=C2CC(CC2=C1)NCC(C3=C4C=CC(=O)NC4=C(C=C3)O)O)CC
Indinavir,C,150378-17-9,C36H47N5O4,CC(C)(C)NC(=O)C1CN(CCN1CC(CC(CC2=CC=CC=C2)C(=O)NC3C(CC4=CC=CC=C34)O)O)CC5=CN=CC=C5
Iodoquinol,C,83-73-8,C9H5I2NO,C1=CC2=C(C(=C(C=C2I)I)O)N=C1
Isoflurane,C,26675-46-7,C3H2ClF5O,C(C(F)(F)F)(OC(F)F)Cl
Isoniazid,C,54-85-3,C6H7N3O,C1=CN=CC=C1C(=O)NN
Isosorbide,C,87-33-2,C6H8N2O8,C1C(C2C(O1)C(CO2)O[N+](=O)[O-])O[N+](=O)[O-]
Isradipine,C,75695-93-1,C19H21N3O5,CC1=C(C(C(=C(N1)C)C(=O)OC(C)C)C2=CC=CC3=NON=C32)C(=O)OC
Itraconazole,C,84625-61-6,C35H38Cl2N8O4,CCC(C)N1C(=O)N(C=N1)C2=CC=C(C=C2)N3CCN(CC3)C4=CC=C(C=C4)OCC5COC(O5)(CN6C=NC=N6)C7=C(C=C(C=C7)Cl)Cl
Ivermectine,C,70288-86-7,C48H74O14,CCC(C)C1C(CCC2(O1)CC3CC(O2)CC=C(C(C(C=CC=C4COC5C4(C(C=C(C5O)C)C(=O)O3)O)C)OC6CC(C(C(O6)C)OC7CC(C(C(O7)C)O)OC)OC)C)C
Ketotifen,C,34580-13-7,C19H19NOS,CN1CCC(=C2C3=C(C(=O)CC4=CC=CC=C42)SC=C3)CC1
Labetalol,C,36894-69-6,C19H24N2O3,CC(CCC1=CC=CC=C1)NCC(C2=CC(=C(C=C2)O)C(=O)N)O
Lamivudine,C,134678-17-4,C8H11N3O3S,C1C(OC(S1)CO)N2C=CC(=NC2=O)N
Lamotrigine,C,84057-84-1,C9H7Cl2N5,C1=CC(=C(C(=C1)Cl)Cl)C2=C(N=C(N=N2)N)N
Latanoprost,C,130209-82-4,C26H40O5,CC(C)OC(=O)CCCC=CCC1C(CC(C1CCC(CCC2=CC=CC=C2)O)O)O
Levamisole,C,14769-73-4,C11H12N2S,C1CSC2=NC(CN21)C3=CC=CC=C3
Levetiracetam,C,102767-28-2,C8H14N2O2,CCC(C(=O)N)N1CCCC1=O
Levobunolol,C,47141-42-4,C17H25NO3,CC(C)(C)NCC(COC1=CC=CC2=C1CCCC2=O)O
Levodopa,C,59-92-7,C9H11NO4,C1=CC(=C(C=C1CC(C(=O)O)N)O)O
Lindane,C,319-84-6,C6H6Cl6 ,C1(C(C(C(C(C1Cl)Cl)Cl)Cl)Cl)Cl
Linezolid,C,165800-03-3,C16H20FN3O4,CC(=O)NCC1CN(C(=O)O1)C2=CC(=C(C=C2)N3CCOCC3)F
Lisdexamfetamine,C,608137-32-2,C15H25N3O,CC(CC1=CC=CC=C1)NC(=O)C(CCCCN)N
Lomefloxacin,C,98079-51-7,C17H19F2N3O3,CCN1C=C(C(=O)C2=CC(=C(C(=C21)F)N3CCNC(C3)C)F)C(=O)O
Lopinavir,C,192725-17-0,C37H48N4O5,CC1=C(C(=CC=C1)C)OCC(=O)NC(CC2=CC=CC=C2)C(CC(CC3=CC=CC=C3)NC(=O)C(C(C)C)N4CCCNC4=O)O
Loxapine,C,10-02-1977,C18H18ClN3O,CN1CCN(CC1)C2=NC3=CC=CC=C3OC4=C2C=C(C=C4)Cl
Luliconazole,C,187164-19-8,C14H9Cl2N3S2,C1C(SC(=C(C#N)N2C=CN=C2)S1)C3=C(C=C(C=C3)Cl)Cl
Lumiracoxib,C,220991-20-8,C15H13ClFNO2,CC1=CC(=C(C=C1)NC2=C(C=CC=C2Cl)F)CC(=O)O
Mafenide,C,138-39-6,C7H10N2O2S,C1=CC(=CC=C1CN)S(=O)(=O)N
Mannitol,C,69-65-8,C6H14O6,C(C(C(C(C(CO)O)O)O)O)O
Mebendazole,C,31431-39-7,C16H13N3O3,COC(=O)NC1=NC2=C(N1)C=C(C=C2)C(=O)C3=CC=CC=C3
Mefloquine,C,49752-90-1,C17H16F6N2O,C1CCNC(C1)C(C2=CC(=NC3=C2C=CC=C3C(F)(F)F)C(F)(F)F)O
Menadione,C,58-27-5,C11H8O2,CC1=CC(=O)C2=CC=CC=C2C1=O
Menatetrenone,C,863-61-6,C31H40O2,CC1=C(C(=O)C2=CC=CC=C2C1=O)CC=C(C)CCC=C(C)CCC=C(C)CCC=C(C)C
Menthol,C,1490-04-6,C10H20O,CC1CCC(C(C1)O)C(C)C
Mepivacaine,C,96-88-8,C15H22N2O,CC1=C(C(=CC=C1)C)NC(=O)C2CCCCN2C
Mepyramine,C,91-84-9,C17H23N3O,CN(C)CCN(CC1=CC=C(C=C1)OC)C2=CC=CC=N2
Mesoridazine,C,5588-33-0,C21H26N2OS2,CN1CCCCC1CCN2C3=CC=CC=C3SC4=C2C=C(C=C4)S(=O)C
Metaproterenol,C,586-06-1,C11H17NO3,CC(C)NCC(C1=CC(=CC(=C1)O)O)O
Metaxalone,C,1665-48-1,C12H15NO3,CC1=CC(=CC(=C1)OCC2CNC(=O)O2)C
Methamphetamine,C,537-46-2,C10H15N,CC(CC1=CC=CC=C1)NC
Methazolamide,C,554-57-4,C5H8N4O3S2,CC(=O)N=C1N(N=C(S1)S(=O)(=O)N)C
Methenamine,C,100-97-0,C6H12N4,C1N2CN3CN1CN(C2)C3
Methocarbamol,C,532-03-6,C11H15NO5,COC1=CC=CC=C1OCC(COC(=O)N)O
Methoxsalen,C,298-81-7,C12H8O4,COC1=C2C(=CC3=C1OC=C3)C=CC(=O)O2
Methoxyflurane,C,76-38-0,C3H4Cl2F2O,COC(C(Cl)Cl)(F)F
Methylergonovine,C,113-42-8,C20H25N3O2,CCC(CO)NC(=O)C1CN(C2CC3=CNC4=CC=CC(=C34)C2=C1)C
Methylphenidate,C,113-45-1,C14H19NO2,COC(=O)C(C1CCCCN1)C2=CC=CC=C2
Methylprednisolone,C,83-43-2,C22H30O5,CC1CC2C3CCC(C3(CC(C2C4(C1=CC(=O)C=C4)C)O)C)(C(=O)CO)O
Metipranolol,C,22664-55-7,C17H27NO4,CC1=CC(=C(C(=C1OC(=O)C)C)C)OCC(CNC(C)C)O
Metoprolol,C,51384-51-1,C15H25NO3,CC(C)NCC(COC1=CC=C(C=C1)CCOC)O
Metyrosine,C,672-87-7,C10H13NO3,CC(CC1=CC=C(C=C1)O)(C(=O)O)N
Mexiletine,C,31828-71-4,C11H17NO,CC1=C(C(=CC=C1)C)OCC(C)N
Mibefradil,C,116644-53-2,C29H38FN3O3,CC(C)C1C2=C(CCC1(CCN(C)CCCC3=NC4=CC=CC=C4N3)OC(=O)COC)C=C(C=C2)F
Miconazole,C,22916-47-8,C18H14Cl4N2O,C1=CC(=C(C=C1Cl)Cl)COC(CN2C=CN=C2)C3=C(C=C(C=C3)Cl)Cl
Midodrine,C,42794-76-3,C12H18N2O4,COC1=CC(=C(C=C1)OC)C(CNC(=O)CN)O
Milrinone,C,78415-72-2,C12H9N3O,CC1=C(C=C(C(=O)N1)C#N)C2=CC=NC=C2
Minoxidil,C,38304-91-5,C9H15N5O,C1CCN(CC1)C2=NC(=N)N(C(=C2)N)O
Mirabegron,C,223673-61-8,C21H24N4O2S,C1=CC=C(C=C1)C(CNCCC2=CC=C(C=C2)NC(=O)CC3=CSC(=N3)N)O
Mirtazapine,C,85650-52-8,C17H19N3,CN1CCN2C(C1)C3=CC=CC=C3CC4=C2N=CC=C4
Mivacurium,C,133814-19-4,C58H80N2O14+2,C[N+]1(CCC2=CC(=C(C=C2C1CC3=CC(=C(C(=C3)OC)OC)OC)OC)OC)CCCOC(=O)CCC=CCCC(=O)OCCC[N+]4(CCC5=CC(=C(C=C5C4CC6=CC(=C(C(=C6)OC)OC)OC)OC)OC)C
Mometasone,C,105102-22-5,C22H28Cl2O4,CC1CC2C3CCC4=CC(=O)C=CC4(C3(C(CC2(C1(C(=O)CCl)O)C)O)Cl)C
Moxifloxacin,C,151096-09-2,C21H24FN3O4,COC1=C2C(=CC(=C1N3CC4CCCNC4C3)F)C(=O)C(=CN2C5CC5)C(=O)O
Nabilone,C,51022-71-0,C24H36O3,CCCCCCC(C)(C)C1=CC(=C2C3CC(=O)CCC3C(OC2=C1)(C)C)O
Nadolol,C,42200-33-9,C17H27NO4,CC(C)(C)NCC(COC1=CC=CC2=C1CC(C(C2)O)O)O
Naloxegol,C,854601-70-0,C34H53NO11,COCCOCCOCCOCCOCCOCCOCCOC1CCC2(C3CC4=C5C2(C1OC5=C(C=C4)O)CCN3CC=C)O
Naphazoline,C,835-31-4,C14H14N2,C1CN=C(N1)CC2=CC=CC3=CC=CC=C32
Naratriptan,C,121679-13-8,C17H25N3O2S,CNS(=O)(=O)CCC1=CC2=C(C=C1)NC=C2C3CCN(CC3)C
Natamycin,C,7681-93-8,C33H47O13N,CC1CC=CC=CC=CC=CC(CC2C(C(CC(O2)(CC(CC3C(O3)C=CC(=O)O1)O)O)O)C(=O)O)OC4C(C(C(C(O4)C)O)N)O
Nateglinide,C,105816-04-4,C19H27NO3,CC(C)C1CCC(CC1)C(=O)NC(CC2=CC=CC=C2)C(=O)O
Nefazodone,C,83366-66-9,C25H32ClN5O2,CCC1=NN(C(=O)N1CCOC2=CC=CC=C2)CCCN3CCN(CC3)C4=CC(=CC=C4)Cl
Neostigmine,C,59-99-4,C12H19N2O2+,CN(C)C(=O)OC1=CC=CC(=C1)[N+](C)(C)C
Nepafenac,C,78281-72-8,C15H14N2O2,C1=CC=C(C=C1)C(=O)C2=CC=CC(=C2N)CC(=O)N
Nevirapine,C,129618-40-2,C15H14N4O,CC1=C2C(=NC=C1)N(C3=C(C=CC=N3)C(=O)N2)C4CC4
Nicardipine,C,55985-32-5,C26H29N3O6,CC1=C(C(C(=C(N1)C)C(=O)OCCN(C)CC2=CC=CC=C2)C3=CC(=CC=C3)[N+](=O)[O-])C(=O)OC
Nicotinamide,C,98-92-0,C6H6N2O,C1=CC(=CN=C1)C(=O)N
Nifedipine,C,21829-25-4,C17H18N2O6,CC1=C(C(C(=C(N1)C)C(=O)OC)C2=CC=CC=C2[N+](=O)[O-])C(=O)OC
Nilutamide,C,63612-50-0,C12H10F3N3O4,CC1(C(=O)N(C(=O)N1)C2=CC(=C(C=C2)[N+](=O)[O-])C(F)(F)F)C
Nilvadipine,C,75530-68-6,C19H19N3O6,CC1=C(C(C(=C(N1)C#N)C(=O)OC)C2=CC(=CC=C2)[N+](=O)[O-])C(=O)OC(C)C
Nimodipine,C,66085-59-4,C21H26N2O7,CC1=C(C(C(=C(N1)C)C(=O)OC(C)C)C2=CC(=CC=C2)[N+](=O)[O-])C(=O)OCCOC
Nisoldipine,C,63675-72-9,C20H24N2O6,CC1=C(C(C(=C(N1)C)C(=O)OCC(C)C)C2=CC=CC=C2[N+](=O)[O-])C(=O)OC
Nitroglycerin,C,55-63-0,C3H5N3O9,C(C(CO[N+](=O)[O-])O[N+](=O)[O-])O[N+](=O)[O-]
Nonoxynol,C,104-35-8,C17H28O2,CCCCCCCCCC1=CC=C(C=C1)OCCO
Norepinephrine,C,51-41-2,C8H11NO3,C1=CC(=C(C=C1C(CN)O)O)O
Norfloxacin,C,70458-96-7,C16H18FN3O3,CCN1C=C(C(=O)C2=CC(=C(C=C21)N3CCNCC3)F)C(=O)O
Nystatin,C,1400-61-9,C47H75NO17,CC1C=CC=CCCC=CC=CC=CC=CC(CC2C(C(CC(O2)(CC(C(CCC(CC(CC(CC(=O)OC(C(C1O)C)C)O)O)O)O)O)O)O)C(=O)O)OC3C(C(C(C(O3)C)O)N)O
Ofloxacin,C,82419-36-1,C18H20FN3O4,CC1COC2=C3N1C=C(C(=O)C3=CC(=C2N4CCN(CC4)C)F)C(=O)O
Olanzapine,C,132539-06-1,C17H20N4S,CC1=CC2=C(S1)NC3=CC=CC=C3N=C2N4CCN(CC4)C
Olodaterol,C,868049-49-4,C21H26N2O5,CC(C)(CC1=CC=C(C=C1)OC)NCC(C2=C3C(=CC(=C2)O)NC(=O)CO3)O
Olopatadine,C,113806-05-6,C21H23NO3,CN(C)CCC=C1C2=CC=CC=C2COC3=C1C=C(C=C3)CC(=O)O
Olsalazine,C,15722-48-2,C14H10N2O6,C1=CC(=C(C=C1N=NC2=CC(=C(C=C2)O)C(=O)O)C(=O)O)O
Omeprazole,C,73590-58-6,C17H19N3O3S,CC1=CN=C(C(=C1OC)C)CS(=O)C2=NC3=C(N2)C=C(C=C3)OC
Orphenadrine,C,83-98-7,C18H23NO,CC1=CC=CC=C1C(C2=CC=CC=C2)OCCN(C)C
Oseltamivir,C,196618-13-0,C16H28N2O4,CCC(CC)OC1C=C(CC(C1NC(=O)C)N)C(=O)OCC
Oxcarbazepine,C,28721-07-5,C15H12N2O2,C1C2=CC=CC=C2N(C3=CC=CC=C3C1=O)C(=O)N
Oxymetazoline,C,1491-59-4,C16H24N2O,CC1=CC(=C(C(=C1CC2=NCCN2)C)O)C(C)(C)C
Paliperidone,C,144598-75-4,C23H27FN4O3,CC1=C(C(=O)N2CCCC(C2=N1)O)CCN3CCC(CC3)C4=NOC5=C4C=CC(=C5)F
Pancuronium,C,16974-53-1,C35H60N2O4+2,CC(=O)OC1CC2CCC3C(C2(CC1[N+]4(CCCCC4)C)C)CCC5(C3CC(C5OC(=O)C)[N+]6(CCCCC6)C)C
Papaverine,C,58-74-2,C20H21NO4,COC1=C(C=C(C=C1)CC2=NC=CC3=CC(=C(C=C32)OC)OC)OC
Paraldehyde,C,123-63-7,C6H12O3,CC1OC(OC(O1)C)C
Paricalcitol,C,131918-61-1,C27H44O3,CC(C=CC(C)C(C)(C)O)C1CCC2C1(CCCC2=CC=C3CC(CC(C3)O)O)C
Paromomycin,C,7542-37-2,C23H45N5O14,C1C(C(C(C(C1N)OC2C(C(C(C(O2)CO)O)O)N)OC3C(C(C(O3)CO)OC4C(C(C(C(O4)CN)O)O)N)O)O)N
Pegfilgrastim,C,70458-95-6,C18H24FN3O6S,CCN1C=C(C(=O)C2=CC(=C(C=C21)N3CCN(CC3)C)F)C(=O)O.CS(=O)(=O)O
Pemirolast,C,69372-19-6,C10H8N6O,CC1=CC=CN2C1=NC=C(C2=O)C3=NNN=N3
Penbutolol,C,38363-40-5,C18H29NO2,CC(C)(C)NCC(COC1=CC=CC=C1C2CCCC2)O
Pentaerythritol,C,115-77-5,C5H12O4,C(C(CO)(CO)CO)O
Pentamidine,C,100-33-4,C19H24N4O2,C1=CC(=CC=C1C(=N)N)OCCCCCOC2=CC=C(C=C2)C(=N)N
Pentazocine,C,359-83-1,C19H27NO,CC1C2CC3=C(C1(CCN2CC=C(C)C)C)C=C(C=C3)O
Perampanel,C,380917-97-5,C23H15N3O,C1=CC=C(C=C1)N2C=C(C=C(C2=O)C3=CC=CC=C3C#N)C4=CC=CC=N4
Perphenazine,C,58-39-9,C21H26ClN3OS,C1CN(CCN1CCCN2C3=CC=CC=C3SC4=C2C=C(C=C4)Cl)CCO
Phenolphthalein,C,77-09-8,C20H14O4,C1=CC=C2C(=C1)C(=O)OC2(C3=CC=C(C=C3)O)C4=CC=C(C=C4)O
Phenoxybenzamine,C,59-96-1,C18H22ClNO,CC(COC1=CC=CC=C1)N(CCCl)CC2=CC=CC=C2
Phenylephrine,C,59-42-7,C9H13NO2,CNCC(C1=CC(=CC=C1)O)O
Pilocarpine,C,92-13-7,C11H16N2O2,CCC1C(COC1=O)CC2=CN=CN2C
Pimecrolimus,C,137071-32-0,C43H68ClNO11,CCC1C=C(CC(CC(C2C(CC(C(O2)(C(=O)C(=O)N3CCCCC3C(=O)OC(C(C(CC1=O)O)C)C(=CC4CCC(C(C4)OC)Cl)C)O)C)OC)OC)C)C
Pimozide,C,2062-78-4,C28H29F2N3O,C1CN(CCC1N2C3=CC=CC=C3NC2=O)CCCC(C4=CC=C(C=C4)F)C5=CC=C(C=C5)F
Pioglitazone,C,111025-46-8,C19H20N2O3S,CCC1=CN=C(C=C1)CCOC2=CC=C(C=C2)CC3C(=O)NC(=O)S3
Pirfenidone,C,53179-13-8,C12H11NO,CC1=CN(C(=O)C=C1)C2=CC=CC=C2
Posaconazole,C,171228-49-2,C37H42F2N8O4,CCC(C(C)O)N1C(=O)N(C=N1)C2=CC=C(C=C2)N3CCN(CC3)C4=CC=C(C=C4)OCC5CC(OC5)(CN6C=NC=N6)C7=C(C=C(C=C7)F)F
Pramipexole,C,104632-26-0,C10H17N3S,CCCNC1CCC2=C(C1)SC(=N2)N
Pranoprofen,C,52549-17-4,C15H13NO3,CC(C1=CC2=C(C=C1)OC3=C(C2)C=CC=N3)C(=O)O
Prazosin,C,19216-56-9,C19H21N5O4,COC1=C(C=C2C(=C1)C(=NC(=N2)N3CCN(CC3)C(=O)C4=CC=CO4)N)OC
Prednicarbate,C,73771-04-7,C27H36O8,CCC(=O)OCC(=O)C1(CCC2C1(CC(C3C2CCC4=CC(=O)C=CC34C)O)C)OC(=O)OCC
Prednisolone,C,50-24-8,C21H28O5,CC12CC(C3C(C1CCC2(C(=O)CO)O)CCC4=CC(=O)C=CC34C)O
Pregabalin,C,148553-50-8,C8H17NO2,CC(C)CC(CC(=O)O)CN
Procainamide,C,51-06-9,C13H21N3O,CCN(CC)CCNC(=O)C1=CC=C(C=C1)N
Procaine,C,59-46-1,C13H20N2O2,CCN(CC)CCOC(=O)C1=CC=C(C=C1)N
Prochlorperazine,C,58-38-8,C20H24ClN3S,CN1CCN(CC1)CCCN2C3=CC=CC=C3SC4=C2C=C(C=C4)Cl
Proline,C,147-85-3,C5H9NO2,C1CC(NC1)C(=O)O
Promazine,C,58-40-2,C17H20N2S,CN(C)CCCN1C2=CC=CC=C2SC3=CC=CC=C31
Promethazine,C,60-87-7,C17H20N2S,CC(CN1C2=CC=CC=C2SC3=CC=CC=C31)N(C)C
Propafenone,C,54063-53-5,C21H27NO3,CCCNCC(COC1=CC=CC=C1C(=O)CCC2=CC=CC=C2)O
Propantheline,C,298-50-0,C23H30NO3+,CC(C)[N+](C)(CCOC(=O)C1C2=CC=CC=C2OC3=CC=CC=C13)C(C)C
Propranolol,C,525-66-6,C16H21NO2,CC(C)NCC(COC1=CC=CC2=CC=CC=C21)O
Propulsid,C,81098-60-4,C23H29ClFN3O4,COC1CN(CCC1NC(=O)C2=CC(=C(C=C2OC)N)Cl)CCCOC3=CC=C(C=C3)F
Protriptyline,C,438-60-8,C19H21N,CNCCCC1C2=CC=CC=C2C=CC3=CC=CC=C13
Pyrantel,C,15686-83-6,C11H14N2S,CN1CCCN=C1C=CC2=CC=CS2
Pyrazinamide,C,98-96-4,C5H5N3O,C1=CN=C(C=N1)C(=O)N
Pyridostigmine,C,155-97-5,C9H13N2O2+,C[N+]1=CC=CC(=C1)OC(=O)N(C)C
Pyrimethamine,C,58-14-0,C12H13ClN4,CCC1=C(C(=NC(=N1)N)N)C2=CC=C(C=C2)Cl
Quinidine,C,56-54-2,C20H24N2O2,COC1=CC2=C(C=CN=C2C=C1)C(C3CC4CCN3CC4C=C)O
Rabeprazole,C,117976-89-3,C18H21N3O3S,CC1=C(C=CN=C1CS(=O)C2=NC3=CC=CC=C3N2)OCCCOC
Raltegravir,C,518048-05-0,C20H21FN6O5,CC1=NN=C(O1)C(=O)NC(C)(C)C2=NC(=C(C(=O)N2C)O)C(=O)NCC3=CC=C(C=C3)F
Ranolazine,C,95635-55-5,C24H33N3O4,CC1=C(C(=CC=C1)C)NC(=O)CN2CCN(CC2)CC(COC3=CC=CC=C3OC)O
Rapacuronium,C,465499-11-0,C37H61N2O4+,CCC(=O)OC1C(CC2C1(CCC3C2CCC4C3(CC(C(C4)OC(=O)C)N5CCCCC5)C)C)[N+]6(CCCCC6)CC=C
Rasagiline,C,136236-51-6,C12H13N,C#CCNC1CCC2=CC=CC=C12
Remifentanil,C,132875-61-7,C20H28N2O5,CCC(=O)N(C1=CC=CC=C1)C2(CCN(CC2)CCC(=O)OC)C(=O)OC
Repaglinide,C,135062-02-1,C27H36N2O4,CCOC1=C(C=CC(=C1)CC(=O)NC(CC(C)C)C2=CC=CC=C2N3CCCCC3)C(=O)O
Rescinnamine,C,24815-24-5,C35H42N2O9,COC1C(CC2CN3CCC4=C(C3CC2C1C(=O)OC)NC5=C4C=CC(=C5)OC)OC(=O)C=CC6=CC(=C(C(=C6)OC)OC)OC
Rifamycin,C,6998-60-3,C37H47NO12,CC1C=CC=C(C(=O)NC2=CC(=C3C(=C2O)C(=C(C4=C3C(=O)C(O4)(OC=CC(C(C(C(C(C(C1O)C)O)C)OC(=O)C)C)OC)C)C)O)O)C
Rifapentine,C,61379-65-5,C47H64N4O12,CC1C=CC=C(C(=O)NC2=C(C(=C3C(=C2O)C(=C(C4=C3C(=O)C(O4)(OC=CC(C(C(C(C(C(C1O)C)O)C)OC(=O)C)C)OC)C)C)O)O)C=NN5CCN(CC5)C6CCCC6)C
Rifaximin,C,80621-81-4,C43H51N3O11,CC1C=CC=C(C(=O)NC2=C(C3=C(C4=C(C(=C3O)C)OC(C4=O)(OC=CC(C(C(C(C(C(C1O)C)O)C)OC(=O)C)C)OC)C)C5=C2N6C=CC(=CC6=N5)C)O)C
Riluzole,C,1744-22-5,C8H5F3N2OS,C1=CC2=C(C=C1OC(F)(F)F)SC(=N2)N
Rimexolone,C,49697-38-3,C24H34O3,CCC(=O)C1(C(CC2C1(CC(C3C2CCC4=CC(=O)C=CC34C)O)C)C)C
Risedronic acid,C,105462-24-6,C7H11NO7P2,C1=CC(=CN=C1)CC(O)(P(=O)(O)O)P(=O)(O)O
Risperidone,C,106266-06-2,C23H27FN4O2,CC1=C(C(=O)N2CCCCC2=N1)CCN3CCC(CC3)C4=NOC5=C4C=CC(=C5)F
Rivaroxaban,C,366789-02-8,C19H18ClN3O5S,C1COCC(=O)N1C2=CC=C(C=C2)N3CC(OC3=O)CNC(=O)C4=CC=C(S4)Cl
Rizatriptan,C,144034-80-0,C15H19N5,CN(C)CCC1=CNC2=C1C=C(C=C2)CN3C=NC=N3
Rocuronium,C,143558-00-3,C32H53N2O4+,CC(=O)OC1C(CC2C1(CCC3C2CCC4C3(CC(C(C4)O)N5CCOCC5)C)C)[N+]6(CCCC6)CC=C
Rofecoxib,C,162011-90-7,C17H14O4S,CS(=O)(=O)C1=CC=C(C=C1)C2=C(C(=O)OC2)C3=CC=CC=C3
Rosiglitazone,C,122320-73-4,C18H19N3O3S,CN(CCOC1=CC=C(C=C1)CC2C(=O)NC(=O)S2)C3=CC=CC=N3
Rotigotine,C,99755-59-6,C19H25NOS,CCCN(CCC1=CC=CS1)C2CCC3=C(C2)C=CC=C3O
Rufinamide,C,106308-44-5,C10H8F2N4O,C1=CC(=C(C(=C1)F)CN2C=C(N=N2)C(=O)N)F
Ruxolitinib,C,941678-49-5,C17H18N6,C1CCC(C1)C(CC#N)N2C=C(C=N2)C3=C4C=CNC4=NC=N3
Salbutamol,C,18559-94-9,C13H21NO3,CC(C)(C)NCC(C1=CC(=C(C=C1)O)CO)O
Salicylic acid,C,69-72-7,C7H6O3 ,C1=CC=C(C(=C1)C(=O)O)O
Salmeterol,C,89365-50-4,C25H37NO4,C1=CC=C(C=C1)CCCCOCCCCCCNCC(C2=CC(=C(C=C2)O)CO)O
Salsalate,C,552-94-3,C14H10O5,C1=CC=C(C(=C1)C(=O)OC2=CC=CC=C2C(=O)O)O
Sapropterin,C,62989-33-7,C9H15N5O3,CC(C(C1CNC2=C(N1)C(=O)NC(=N2)N)O)O
Scopolamine,C,51-34-3,C17H21NO4,CN1C2CC(CC1C3C2O3)OC(=O)C(CO)C4=CC=CC=C4
Selegiline,C,14611-51-9,C13H17N,CC(CC1=CC=CC=C1)N(C)CC#C
Sertaconazole,C,99592-32-2,C20H15Cl3N2OS,C1=CC2=C(C(=C1)Cl)SC=C2COC(CN3C=CN=C3)C4=C(C=C(C=C4)Cl)Cl
Sertindole,C,106516-24-9,C24H26ClFN4O,C1CN(CCC1C2=CN(C3=C2C=C(C=C3)Cl)C4=CC=C(C=C4)F)CCN5CCNC5=O
Sibutramine,C,106650-56-0,C17H26ClN,CC(C)CC(C1(CCC1)C2=CC=C(C=C2)Cl)N(C)C
Simeprevir,C,923604-59-5,C38H47N5O7S2,CC1=C(C=CC2=C1N=C(C=C2OC3CC4C(C3)C(=O)N(CCCCC=CC5CC5(NC4=O)C(=O)NS(=O)(=O)C6CC6)C)C7=NC(=CS7)C(C)C)OC
Simethicone,C,8050-81-5,C6H18O4Si3,CO[Si](C)(C)O[Si](C)(C)C.O=[Si]=O
Sirolimus,C,53123-88-9,C51H79NO13,CC1CCC2CC(C(=CC=CC=CC(CC(C(=O)C(C(C(=CC(C(=O)CC(OC(=O)C3CCCCN3C(=O)C(=O)C1(O2)O)C(C)CC4CCC(C(C4)OC)O)C)C)O)OC)C)C)C)OC
Sitagliptin,C,486460-32-6,C16H15F6N5O,C1CN2C(=NN=C2C(F)(F)F)CN1C(=O)CC(CC3=CC(=C(C=C3F)F)F)N
Solifenacin,C,242478-37-1,C23H26N2O2,C1CN2CCC1C(C2)OC(=O)N3CCC4=CC=CC=C4C3C5=CC=CC=C5
Sparfloxacin,C,110871-86-8,C19H22F2N4O3,CC1CN(CC(N1)C)C2=C(C(=C3C(=C2F)N(C=C(C3=O)C(=O)O)C4CC4)N)F
Spironolactone,C,52-01-7,C24H32O4S,CC(=O)SC1CC2=CC(=O)CCC2(C3C1C4CCC5(C4(CC3)C)CCC(=O)O5)C
Stavudine,C,3056-17-5,C10H12N2O4,CC1=CN(C(=O)NC1=O)C2C=CC(O2)CO
Sufentanil,C,56030-54-7,C22H30N2O2S,CCC(=O)N(C1=CC=CC=C1)C2(CCN(CC2)CCC3=CC=CS3)COC
Sulconazole,C,61318-90-9,C18H15Cl3N2S,C1=CC(=CC=C1CSC(CN2C=CN=C2)C3=C(C=C(C=C3)Cl)Cl)Cl
Sulfadiazine,C,68-35-9,C10H10N4O2S,C1=CN=C(N=C1)NS(=O)(=O)C2=CC=C(C=C2)N
Sulfamethoxazole,C,723-46-6,C10H11N3O3S,CC1=CC(=NO1)NS(=O)(=O)C2=CC=C(C=C2)N
Sulfanilamide,C,63-74-1,C6H8N2O2S,C1=CC(=CC=C1N)S(=O)(=O)N
Sulfisoxazole,C,127-69-5,C11H13N3O3S,CC1=C(ON=C1C)NS(=O)(=O)C2=CC=C(C=C2)N
Sulodexide,C,57817-83-1,C12H17N5O4,CNC1=C2C(=NC=N1)N(C=N2)C3C(C(C(O3)CO)O)OC
Sumatriptan,C,103628-46-2,C14H21N3O2S,CNS(=O)(=O)CC1=CC2=C(C=C1)NC=C2CCN(C)C
Tacrine,C,321-64-2,C13H14N2,C1CCC2=NC3=CC=CC=C3C(=C2C1)N
Tacrolimus,C,104987-11-3,C44H69NO12,CC1CC(C2C(CC(C(O2)(C(=O)C(=O)N3CCCCC3C(=O)OC(C(C(CC(=O)C(C=C(C1)C)CC=C)O)C)C(=CC4CCC(C(C4)OC)O)C)O)C)OC)OC
Tafluprost,C,209860-87-7,C25H34F2O5,CC(C)OC(=O)CCCC=CCC1C(CC(C1C=CC(COC2=CC=CC=C2)(F)F)O)O
Tasimelteon,C,609799-22-6,C15H19NO2,CCC(=O)NCC1CC1C2=C3CCOC3=CC=C2
Tauroursodeoxycholic acid,C,14605-22-2,C26H45NO6S,CC(CCC(=O)NCCS(=O)(=O)O)C1CCC2C1(CCC3C2C(CC4C3(CCC(C4)O)C)O)C
Tavaborole,C,174671-46-6,C7H6BFO2,B1(C2=C(CO1)C=C(C=C2)F)O
Tedizolid,C,856866-72-3,C17H15FN6O3,CN1N=C(N=N1)C2=NC=C(C=C2)C3=C(C=C(C=C3)N4CC(OC4=O)CO)F
Telithromycin,C,191114-48-4,C43H65N5O10,CCC1C2(C(C(C(=O)C(CC(C(C(C(=O)C(C(=O)O1)C)C)OC3C(C(CC(O3)C)N(C)C)O)(C)OC)C)C)N(C(=O)O2)CCCCN4C=C(N=C4)C5=CN=CC=C5)C
Terazosin,C,63590-64-7,C19H25N5O4,COC1=C(C=C2C(=C1)C(=NC(=N2)N3CCN(CC3)C(=O)C4CCCO4)N)OC
Terbutaline,C,23031-25-6,C12H19NO3,CC(C)(C)NCC(C1=CC(=CC(=C1)O)O)O
Terconazole,C,67915-31-5,C26H31Cl2N5O3,CC(C)N1CCN(CC1)C2=CC=C(C=C2)OCC3COC(O3)(CN4C=NC=N4)C5=C(C=C(C=C5)Cl)Cl
Terfenadine,C,50679-08-8,C32H41NO2,CC(C)(C)C1=CC=C(C=C1)C(CCCN2CCC(CC2)C(C3=CC=CC=C3)(C4=CC=CC=C4)O)O
Testolactone,C,968-93-4,C19H24O3,CC12CCC3C(C1CCC(=O)O2)CCC4=CC(=O)C=CC34C
Tetracaine,C,94-24-6,C15H24N2O2,CCCCNC1=CC=C(C=C1)C(=O)OCCN(C)C
Tetrahydrozoline,C,84-22-0,C13H16N2,C1CC(C2=CC=CC=C2C1)C3=NCCN3
Thiabendazole,C,148-79-8,C10H7N3S,C1=CC=C2C(=C1)NC(=N2)C3=CSC=N3
Thioctic acid,C,1077-28-7,C8H14O2S2,C1CSSC1CCCCC(=O)O
Thiopental,C,76-75-5,C11H18N2O2S,CCCC(C)C1(C(=O)NC(=S)NC1=O)CC
Thioridazine,C,50-52-2,C21H26N2S2,CN1CCCCC1CCN2C3=CC=CC=C3SC4=C2C=C(C=C4)SC
Thyrotropin,C,194100-83-9,C16H22N6O4,C1CC(N(C1)C(=O)C(CC2=CN=CN2)NC(=O)C3CCC(=O)N3)C(=O)N
Tiagabine,C,115103-54-3,C20H25NO2S2,CC1=C(SC=C1)C(=CCCN2CCCC(C2)C(=O)O)C3=C(C=CS3)C
Ticagrelor,C,274693-27-5,C23H28F2N6O4S,CCCSC1=NC(=C2C(=N1)N(N=N2)C3CC(C(C3O)O)OCCO)NC4CC4C5=CC(=C(C=C5)F)F
Tiludronic acid,C,89987-06-4,C7H9ClO6P2S,C1=CC(=CC=C1SC(P(=O)(O)O)P(=O)(O)O)Cl
Timolol maleate,C,26921-17-5,C17H28N4O7S,CC(C)(C)NCC(COC1=NSN=C1N2CCOCC2)O.C(=CC(=O)O)C(=O)O
Tioconazole,C,65899-73-2,C16H13Cl3N2OS,C1=CC(=C(C=C1Cl)Cl)C(CN2C=CN=C2)OCC3=C(SC=C3)Cl
Tiotropium,C,186691-13-4,C19H22NO4S2+,C[N+]1(C2CC(CC1C3C2O3)OC(=O)C(C4=CC=CS4)(C5=CC=CS5)O)C
Tipranavir,C,174484-41-4,C31H33F3N2O5S,CCCC1(CC(=C(C(=O)O1)C(CC)C2=CC(=CC=C2)NS(=O)(=O)C3=NC=C(C=C3)C(F)(F)F)O)CCC4=CC=CC=C4
Tizanidine,C,51322-75-9,C9H8ClN5S,C1CN=C(N1)NC2=C(C=CC3=NSN=C32)Cl
Tocainide,C,41708-72-9,C11H16N2O,CC1=C(C(=CC=C1)C)NC(=O)C(C)N
Tofacitinib,C,477600-75-2,C16H20N6O,CC1CCN(CC1N(C)C2=NC=NC3=C2C=CN3)C(=O)CC#N
Tolbutamide,C,64-77-7,C12H18N2O3S,CCCCNC(=O)NS(=O)(=O)C1=CC=C(C=C1)C
Tolcapone,C,134308-13-7,C14H11NO5,CC1=CC=C(C=C1)C(=O)C2=CC(=C(C(=C2)O)O)[N+](=O)[O-]
Tramadol,C,27203-92-5,C16H25NO2,CN(C)CC1CCCCC1(C2=CC(=CC=C2)OC)O
Tranylcypromine,C,155-09-9,C9H11N,C1C(C1N)C2=CC=CC=C2
Travoprost,C,157283-68-6,C26H35F3O6,CC(C)OC(=O)CCCC=CCC1C(CC(C1C=CC(COC2=CC=CC(=C2)C(F)(F)F)O)O)O
Treprostinil,C,81846-19-7,C23H34O5,CCCCCC(CCC1C(CC2C1CC3=C(C2)C(=CC=C3)OCC(=O)O)O)O
Triamcinolone,C,124-94-7,C21H27FO6,CC12CC(C3(C(C1CC(C2(C(=O)CO)O)O)CCC4=CC(=O)C=CC43C)F)O
Triamterene,C,396-01-0,C12H11N7,C1=CC=C(C=C1)C2=NC3=C(N=C(N=C3N=C2N)N)N
Triflupromazine,C,146-54-3,C18H19F3N2S,CN(C)CCCN1C2=CC=CC=C2SC3=C1C=C(C=C3)C(F)(F)F
Trifluridine,C,70-00-8,C10H11F3N2O5,C1C(C(OC1N2C=C(C(=O)NC2=O)C(F)(F)F)CO)O
Trihexyphenidyl,C,144-11-6,C20H31NO,C1CCC(CC1)C(CCN2CCCCC2)(C3=CC=CC=C3)O
Trimeprazine,C,84-96-8,C18H22N2S,CC(CN1C2=CC=CC=C2SC3=CC=CC=C31)CN(C)C
Trimethobenzamide,C,138-56-7,C21H28N2O5,CN(C)CCOC1=CC=C(C=C1)CNC(=O)C2=CC(=C(C(=C2)OC)OC)OC
Trimethoprim,C,738-70-5,C14H18N4O3,COC1=CC(=CC(=C1OC)OC)CC2=CN=C(N=C2N)N
Trimipramine,C,739-71-9,C20H26N2,CC(CN1C2=CC=CC=C2CCC3=CC=CC=C31)CN(C)C
Troleandomycin,C,09-09-2751,C41H67NO15,CC1CC(C(C(O1)OC2C(CC3(CO3)C(=O)C(C(C(C(OC(=O)C(C(C2C)OC4CC(C(C(O4)C)OC(=O)C)OC)C)C)C)OC(=O)C)C)C)OC(=O)C)N(C)C
Tromethamine,C,77-86-1,C4H11NO3,C(C(CO)(CO)N)O
Tropicamide,C,1508-75-4,C17H20N2O2,CCN(CC1=CC=NC=C1)C(=O)C(CO)C2=CC=CC=C2
Trovafloxacin,C,147059-72-1,C20H15F3N4O3,C1C2C(C2N)CN1C3=C(C=C4C(=O)C(=CN(C4=N3)C5=C(C=C(C=C5)F)F)C(=O)O)F
Tubocurarine,C,57-95-4,C37H41N2O6,CN1CCC2=CC(=C3C=C2C1CC4=CC=C(C=C4)OC5=C6C(CC7=CC(=C(C=C7)O)O3)[N+](CCC6=CC(=C5O)OC)(C)C)OC
Umeclidinium,C,869185-19-3,C29H34NO2+,C1C[N+]2(CCC1(CC2)C(C3=CC=CC=C3)(C4=CC=CC=C4)O)CCOCC5=CC=CC=C5
Unoprostone,C,120373-36-6,C22H38O5,CCCCCCCC(=O)CCC1C(CC(C1CC=CCCCC(=O)O)O)O
Valdecoxib,C,181695-72-7,C16H14N2O3S,CC1=C(C(=NO1)C2=CC=CC=C2)C3=CC=C(C=C3)S(=O)(=O)N
Vecuronium,C,86029-43-8,C34H57N2O4+,CC(=O)OC1CC2CCC3C(C2(CC1N4CCCCC4)C)CCC5(C3CC(C5OC(=O)C)[N+]6(CCCCC6)C)C
Verapamil,C,52-53-9,C27H38N2O4,CC(C)C(CCCN(C)CCC1=CC(=C(C=C1)OC)OC)(C#N)C2=CC(=C(C=C2)OC)OC
Verteporfin,C,129497-78-5,C82H84N8O16,CC1=C(C2=CC3=NC(=CC4=C(C(=C(N4)C=C5C6(C(C(=CC=C6C(=N5)C=C1N2)C(=O)OC)C(=O)OC)C)C)CCC(=O)OC)C(=C3C)CCC(=O)O)C=C.CC1=C(C2=CC3=NC(=CC4=C(C(=C(N4)C=C5C6(C(C(=CC=C6C(=N5)C=C1N2)C(=O)OC)C(=O)OC)C)C)CCC(=O)O)C(=C3C)CCC(=O)OC)C=C
Vidarabine,C,5536-17-4,C10H13N5O4,C1=NC(=C2C(=N1)N(C=N2)C3C(C(C(O3)CO)O)O)N
Vilanterol,C,503068-34-6,C24H33Cl2NO5,C1=CC(=C(C(=C1)Cl)COCCOCCCCCCNCC(C2=CC(=C(C=C2)O)CO)O)Cl
Vilazodone,C,163521-12-8,C26H27N5O2,C1CN(CCN1CCCCC2=CNC3=C2C=C(C=C3)C#N)C4=CC5=C(C=C4)OC(=C5)C(=O)N
Vildagliptin,C,274901-16-5,C17H25N3O2,C1CC(N(C1)C(=O)CNC23CC4CC(C2)CC(C4)(C3)O)C#N
Vitamin K1,C,84-80-0,C31H46O2,CC1=C(C(=O)C2=CC=CC=C2C1=O)CC=C(C)CCCC(C)CCCC(C)CCCC(C)C
Vortioxetine,C,508233-74-7,C18H22N2S,CC1=CC(=C(C=C1)SC2=CC=CC=C2N3CCNCC3)C
Xolegel,C,65277-42-1,C26H28Cl2N4O4,CC(=O)N1CCN(CC1)C2=CC=C(C=C2)OCC3COC(O3)(CN4C=CN=C4)C5=C(C=C(C=C5)Cl)Cl
Xylometazoline,C,526-36-3,C16H24N2,CC1=CC(=CC(=C1CC2=NCCN2)C)C(C)(C)C
Zalcitabine,C,7481-89-2,C9H13N3O3,C1CC(OC1CO)N2C=CC(=NC2=O)N
Zaleplon,C,151319-34-5,C17H15N5O,CCN(C1=CC=CC(=C1)C2=CC=NC3=C(C=NN23)C#N)C(=O)C
Zanamivir,C,139110-80-8,C12H20N4O7,CC(=O)NC1C(C=C(OC1C(C(CO)O)O)C(=O)O)N=C(N)N
Zidovudine,C,30516-87-1,C10H13N5O4,CC1=CN(C(=O)NC1=O)C2CC(C(O2)CO)N=[N+]=[N-]
Zileuton,C,111406-87-2,C11H12N2O2S,CC(C1=CC2=CC=CC=C2S1)N(C(=O)N)O
Ziprasidone,C,146939-27-7,C21H21ClN4OS,C1CN(CCN1CCC2=C(C=C3C(=C2)CC(=O)N3)Cl)C4=NSC5=CC=CC=C54
Zolmitriptan,C,139264-17-8,C16H21N3O2,CN(C)CCC1=CNC2=C1C=C(C=C2)CC3COC(=O)N3
Zonisamide,C,68291-97-4,C8H8N2O3S,C1=CC=C2C(=C1)C(=NO2)CS(=O)(=O)N
Aliskiren,D,173334-57-1,C30H53N3O6,CC(C)C(CC1=CC(=C(C=C1)OC)OCCCOC)CC(C(CC(C(C)C)C(=O)NCC(C)(C)C(=O)N)O)N
Amikacin,D,37517-28-5,C22H43N5O13,C1C(C(C(C(C1NC(=O)C(CCN)O)OC2C(C(C(C(O2)CO)O)N)O)O)OC3C(C(C(C(O3)CN)O)O)O)N
Amiodarone,D,1951-25-3,C25H29I2NO3,CCCCC1=C(C2=CC=CC=C2O1)C(=O)C3=CC(=C(C(=C3)I)OCCN(CC)CC)I
Axitinib,D,319460-85-0,C22H18N4OS,CNC(=O)C1=CC=CC=C1SC2=CC3=C(C=C2)C(=NN3)C=CC4=CC=CC=N4
Benazepril,D,86541-75-5,C24H28N2O5,CCOC(=O)C(CCC1=CC=CC=C1)NC2CCC3=CC=CC=C3N(C2=O)CC(=O)O
Benazeprilat,D,86541-78-8,C22H24N2O5,C1CC2=CC=CC=C2N(C(=O)C1NC(CCC3=CC=CC=C3)C(=O)O)CC(=O)O
Bleomycin,D,11056-06-7,C55H84N17O21S3+,CC1=C(N=C(N=C1N)C(CC(=O)N)NCC(C(=O)N)N)C(=O)NC(C(C2=CN=CN2)OC3C(C(C(C(O3)CO)O)O)OC4C(C(C(C(O4)CO)O)OC(=O)N)O)C(=O)NC(C)C(C(C)C(=O)NC(C(C)O)C(=O)NCCC5=NC(=CS5)C6=NC(=CS6)C(=O)NCCC[S+](C)C)O
Bortezomib,D,179324-69-7,C19H25BN4O4,B(C(CC(C)C)NC(=O)C(CC1=CC=CC=C1)NC(=O)C2=NC=CN=C2)(O)O
Bosutinib,D,380843-75-4,C26H29Cl2N5O3,CN1CCN(CC1)CCCOC2=C(C=C3C(=C2)N=CC(=C3NC4=CC(=C(C=C4Cl)Cl)OC)C#N)OC
Cabazitaxel,D,183133-96-2,C45H57NO14,CC1=C2C(C(=O)C3(C(CC4C(C3C(C(C2(C)C)(CC1OC(=O)C(C(C5=CC=CC=C5)NC(=O)OC(C)(C)C)O)O)OC(=O)C6=CC=CC=C6)(CO4)OC(=O)C)OC)C)OC
Cabozantinib,D,849217-68-1,C28H24FN3O5,COC1=CC2=C(C=CN=C2C=C1OC)OC3=CC=C(C=C3)NC(=O)C4(CC4)C(=O)NC5=CC=C(C=C5)F
Candesartan,D,139481-59-7,C24H20N6O3,CCOC1=NC2=CC=CC(=C2N1CC3=CC=C(C=C3)C4=CC=CC=C4C5=NNN=N5)C(=O)O
Carfilzomib,D,868540-17-4,C40H57N5O7,CC(C)CC(C(=O)C1(CO1)C)NC(=O)C(CC2=CC=CC=C2)NC(=O)C(CC(C)C)NC(=O)C(CCC3=CC=CC=C3)NC(=O)CN4CCOCC4
Ceritinib,D,1032900-25-6,C28H36ClN5O3S,CC1=CC(=C(C=C1C2CCNCC2)OC(C)C)NC3=NC=C(C(=N3)NC4=CC=CC=C4S(=O)(=O)C(C)C)Cl
Crizotinib,D,877399-52-5,C21H22Cl2FN5O,CC(C1=C(C=CC(=C1Cl)F)Cl)OC2=C(N=CC(=C2)C3=CN(N=C3)C4CCNCC4)N
Dabrafenib,D,1195765-45-7,C23H20F3N5O2S2,CC(C)(C)C1=NC(=C(S1)C2=NC(=NC=C2)N)C3=C(C(=CC=C3)NS(=O)(=O)C4=C(C=CC=C4F)F)F
Dasatinib,D,302962-49-8,C22H26ClN7O2S,CC1=C(C(=CC=C1)Cl)NC(=O)C2=CN=C(S2)NC3=CC(=NC(=N3)C)N4CCN(CC4)CCO
Daunorubicin,D,20830-81-3,C27H29NO10,CC1C(C(CC(O1)OC2CC(CC3=C2C(=C4C(=C3O)C(=O)C5=C(C4=O)C(=CC=C5)OC)O)(C(=O)C)O)N)O
Delapril,D,83435-66-9,C26H32N2O5,CCOC(=O)C(CCC1=CC=CC=C1)NC(C)C(=O)N(CC(=O)O)C2CC3=CC=CC=C3C2
Demeclocycline,D,127-33-3,C21H21ClN2O8,CN(C)C1C2CC3C(C4=C(C=CC(=C4C(=C3C(=O)C2(C(=C(C1=O)C(=O)N)O)O)O)O)Cl)O
Docetaxel,D,114977-28-5,C43H53NO14,CC1=C2C(C(=O)C3(C(CC4C(C3C(C(C2(C)C)(CC1OC(=O)C(C(C5=CC=CC=C5)NC(=O)OC(C)(C)C)O)O)OC(=O)C6=CC=CC=C6)(CO4)OC(=O)C)O)C)O
Doxorubicin,D,23214-92-8,C27H29NO11,CC1C(C(CC(O1)OC2CC(CC3=C2C(=C4C(=C3O)C(=O)C5=C(C4=O)C(=CC=C5)OC)O)(C(=O)CO)O)N)O
Doxycycline,D,564-25-0,C22H24N2O8,CC1C2C(C3C(C(=O)C(=C(C3(C(=O)C2=C(C4=C1C=CC=C4O)O)O)O)C(=O)N)N(C)C)O
Enalapril,D,75847-73-3,C20H28N2O5,CCOC(=O)C(CCC1=CC=CC=C1)NC(C)C(=O)N2CCCC2C(=O)O
Eribulin,D,253128-41-5,C40H59NO11,CC1CC2CCC3C(=C)CC(O3)CCC45CC6C(O4)C7C(O6)C(O5)C8C(O7)CCC(O8)CC(=O)CC9C(CC(C1=C)O2)OC(C9OC)CC(CN)O
Erlotinib,D,183321-74-6,C22H23N3O4,COCCOC1=C(C=C2C(=C1)C(=NC=N2)NC3=CC=CC(=C3)C#C)OCCOC
Etoposide,D,33419-42-0,C29H32O13,CC1OCC2C(O1)C(C(C(O2)OC3C4COC(=O)C4C(C5=CC6=C(C=C35)OCO6)C7=CC(=C(C(=C7)OC)O)OC)O)O
Fulvestrant,D,129453-61-8,C32H47F5O3S,CC12CCC3C(C1CCC2O)C(CC4=C3C=CC(=C4)O)CCCCCCCCCS(=O)CCCC(C(F)(F)F)(F)F
Gefitinib,D,184475-35-2,C22H24ClFN4O3,COC1=C(C=C2C(=C1)N=CN=C2NC3=CC(=C(C=C3)F)Cl)OCCCN4CCOCC4
Gentamicin,D,1403-66-3,C21H43N5O7,CC(C1CCC(C(O1)OC2C(CC(C(C2O)OC3C(C(C(CO3)(C)O)NC)O)N)N)N)NC
Ibritumomab,D,206181-63-7,C24H35N5O11,CC(CN(CC(CC1=CC=C(C=C1)NC(=O)NC)N(CC(=O)O)CC(=O)O)CC(=O)O)N(CC(=O)O)CC(=O)O
Ibrutinib,D,936563-96-1,C25H24N6O2,C=CC(=O)N1CCCC(C1)N2C3=NC=NC(=C3C(=N2)C4=CC=C(C=C4)OC5=CC=CC=C5)N
Idarubicin,D,58957-92-9,C26H27NO9,CC1C(C(CC(O1)OC2CC(CC3=C2C(=C4C(=C3O)C(=O)C5=CC=CC=C5C4=O)O)(C(=O)C)O)N)O
Imatinib,D,152459-95-5,C29H31N7O,CC1=C(C=C(C=C1)NC(=O)C2=CC=C(C=C2)CN3CCN(CC3)C)NC4=NC=CC(=N4)C5=CN=CC=C5
Irbesartan,D,138402-11-6,C25H28N6O,CCCCC1=NC2(CCCC2)C(=O)N1CC3=CC=C(C=C3)C4=CC=CC=C4C5=NNN=N5
Istodax,D,128517-07-7,C24H36N4O6S2,CC=C1C(=O)NC(C(=O)OC2CC(=O)NC(C(=O)NC(CSSCCC=C2)C(=O)N1)C(C)C)C(C)C
Ixabepilone,D,219989-84-1,C27H42N2O5S,CC1CCCC2(C(O2)CC(NC(=O)CC(C(C(=O)C(C1O)C)(C)C)O)C(=CC3=CSC(=N3)C)C)C
Lapatinib,D,231277-92-2,C29H26ClFN4O4S,CS(=O)(=O)CCNCC1=CC=C(O1)C2=CC3=C(C=C2)N=CN=C3NC4=CC(=C(C=C4)OCC5=CC(=CC=C5)F)Cl
Lercanidipine,D,100427-26-7,C36H41N3O6,CC1=C(C(C(=C(N1)C)C(=O)OC(C)(C)CN(C)CCC(C2=CC=CC=C2)C3=CC=CC=C3)C4=CC(=CC=C4)[N+](=O)[O-])C(=O)OC
Lisinopril,D,76547-98-3,C21H31N3O5,C1CC(N(C1)C(=O)C(CCCCN)NC(CCC2=CC=CC=C2)C(=O)O)C(=O)O
Minocycline,D,10118-90-8,C23H27N3O7,CN(C)C1C2CC3CC4=C(C=CC(=C4C(=C3C(=O)C2(C(=C(C1=O)C(=O)N)O)O)O)O)N(C)C
Mitoxantrone,D,65271-80-9,C22H28N4O6,C1=CC(=C2C(=C1NCCNCCO)C(=O)C3=C(C=CC(=C3C2=O)O)O)NCCNCCO
Moexipril,D,103775-10-6,C27H34N2O7,CCOC(=O)C(CCC1=CC=CC=C1)NC(C)C(=O)N2CC3=CC(=C(C=C3CC2C(=O)O)OC)OC
Moexiprilat,D,103775-14-0,C25H30N2O7,CC(C(=O)N1CC2=CC(=C(C=C2CC1C(=O)O)OC)OC)NC(CCC3=CC=CC=C3)C(=O)O
Neomycin,D,119-04-0,C23H46N6O13,C1C(C(C(C(C1N)OC2C(C(C(C(O2)CN)O)O)N)OC3C(C(C(O3)CO)OC4C(C(C(C(O4)CN)O)O)N)O)O)N
Nilotinib,D,641571-10-0,C28H22F3N7O,CC1=C(C=C(C=C1)C(=O)NC2=CC(=CC(=C2)C(F)(F)F)N3C=C(N=C3)C)NC4=NC=CC(=N4)C5=CN=CC=C5
Nintedanib,D,656247-17-5,C31H33N5O4,CN1CCN(CC1)CC(=O)N(C)C2=CC=C(C=C2)N=C(C3=CC=CC=C3)C4=C(NC5=C4C=CC(=C5)C(=O)OC)O
Oxytetracycline,D,79-57-2,C22H24N2O9,CC1(C2C(C3C(C(=O)C(=C(C3(C(=O)C2=C(C4=C1C=CC=C4O)O)O)O)C(=O)N)N(C)C)O)O
Paclitaxel,D,33069-62-4,C47H51NO14,CC1=C2C(C(=O)C3(C(CC4C(C3C(C(C2(C)C)(CC1OC(=O)C(C(C5=CC=CC=C5)NC(=O)C6=CC=CC=C6)O)O)OC(=O)C7=CC=CC=C7)(CO4)OC(=O)C)O)C)OC(=O)C
Pazopanib,D,444731-52-6,C21H23N7O2S,CC1=C(C=C(C=C1)NC2=NC=CC(=N2)N(C)C3=CC4=NN(C(=C4C=C3)C)C)S(=O)(=O)N
Pemetrexed,D,137281-23-3,C20H21N5O6,C1=CC(=CC=C1CCC2=CNC3=C2C(=O)NC(=N3)N)C(=O)NC(CCC(=O)O)C(=O)O
Perindopril,D,82834-16-0,C19H32N2O5,CCCC(C(=O)OCC)NC(C)C(=O)N1C2CCCCC2CC1C(=O)O
Plerixafor,D,110078-46-1,C28H54N8,C1CNCCNCCCN(CCNC1)CC2=CC=C(C=C2)CN3CCCNCCNCCCNCC3
Ponatinib,D,943319-70-8,C29H27F3N6O,CC1=C(C=C(C=C1)C(=O)NC2=CC(=C(C=C2)CN3CCN(CC3)C)C(F)(F)F)C#CC4=CN=C5N4N=CC=C5
Pralatrexate,D,146464-95-1,C23H23N7O5,C#CCC(CC1=CN=C2C(=N1)C(=NC(=N2)N)N)C3=CC=C(C=C3)C(=O)NC(CCC(=O)O)C(=O)O
Quinapril,D,85441-61-8,C25H30N2O5,CCOC(=O)C(CCC1=CC=CC=C1)NC(C)C(=O)N2CC3=CC=CC=C3CC2C(=O)O
Quinaprilat,D,82768-85-2,C23H26N2O5,CC(C(=O)N1CC2=CC=CC=C2CC1C(=O)O)NC(CCC3=CC=CC=C3)C(=O)O
Regorafenib,D,755037-03-7,C21H15ClF4N4O3,CNC(=O)C1=NC=CC(=C1)OC2=CC(=C(C=C2)NC(=O)NC3=CC(=C(C=C3)Cl)C(F)(F)F)F
Reserpine,D,50-55-5,C33H40N2O9,COC1C(CC2CN3CCC4=C(C3CC2C1C(=O)OC)NC5=C4C=CC(=C5)OC)OC(=O)C6=CC(=C(C(=C6)OC)OC)OC
Sorafenib,D,284461-73-0,C21H16ClF3N4O3,CNC(=O)C1=NC=CC(=C1)OC2=CC=C(C=C2)NC(=O)NC3=CC(=C(C=C3)Cl)C(F)(F)F
Streptomycin,D,57-92-1,C21H39N7O12,CC1C(C(C(O1)OC2C(C(C(C(C2O)O)N=C(N)N)O)N=C(N)N)OC3C(C(C(C(O3)CO)O)O)NC)(C=O)O
Sulfasalazine,D,599-79-1,C18H14N4O5S,C1=CC=NC(=C1)NS(=O)(=O)C2=CC=C(C=C2)N=NC3=CC(=C(C=C3)O)C(=O)O
Sunitinib,D,557795-19-4,C22H27FN4O2,CCN(CC)CCNC(=O)C1=C(NC(=C1C)C=C2C3=C(C=CC(=C3)F)NC2=O)C
Tamoxifen,D,10540-29-1,C26H29NO,CCC(=C(C1=CC=CC=C1)C2=CC=C(C=C2)OCCN(C)C)C3=CC=CC=C3
Temsirolimus,D,162635-04-3,C56H87NO16,CC1CCC2CC(C(=CC=CC=CC(CC(C(=O)C(C(C(=CC(C(=O)CC(OC(=O)C3CCCCN3C(=O)C(=O)C1(O2)O)C(C)CC4CCC(C(C4)OC)OC(=O)C(C)(CO)CO)C)C)O)OC)C)C)C)OC
Teniposide,D,29767-20-2,C32H32O13S,COC1=CC(=CC(=C1O)OC)C2C3C(COC3=O)C(C4=CC5=C(C=C24)OCO5)OC6C(C(C7C(O6)COC(O7)C8=CC=CS8)O)O
Tetracycline,D,60-54-8,C22H24N2O8,CC1(C2CC3C(C(=O)C(=C(C3(C(=O)C2=C(C4=C1C=CC=C4O)O)O)O)C(=O)N)N(C)C)O
Tigecycline,D,220620-09-7,C29H39N5O8,CC(C)(C)NCC(=O)NC1=CC(=C2CC3CC4C(C(=O)C(=C(C4(C(=O)C3=C(C2=C1O)O)O)O)C(=O)N)N(C)C)N(C)C
Tobramycin,D,32986-56-4,C18H37N5O9,C1C(C(C(C(C1N)OC2C(C(C(C(O2)CO)O)N)O)O)OC3C(CC(C(O3)CN)O)N)N
Topotecan,D,123948-87-8,C23H23N3O5,CCC1(C2=C(COC1=O)C(=O)N3CC4=CC5=C(C=CC(=C5CN(C)C)O)N=C4C3=C2)O
Toremifene,D,89778-26-7,C26H28ClNO,CN(C)CCOC1=CC=C(C=C1)C(=C(CCCl)C2=CC=CC=C2)C3=CC=CC=C3
Trandolapril,D,87679-37-6,C24H34N2O5,CCOC(=O)C(CCC1=CC=CC=C1)NC(C)C(=O)N2C3CCCCC3CC2C(=O)O
Trandolaprilat,D,87679-71-8,C22H30N2O5,CC(C(=O)N1C2CCCCC2CC1C(=O)O)NC(CCC3=CC=CC=C3)C(=O)O
Trastuzumab,D,180288-69-1,C26H24FN3O6,CCC1(C2=C(COC1=O)C(=O)N3CC4=C5C(CCC6=C5C(=CC(=C6C)F)N=C4C3=C2)NC(=O)CO)O
Trimetrexate,D,52128-35-5,C19H23N5O3,CC1=C(C=CC2=C1C(=NC(=N2)N)N)CNC3=CC(=C(C(=C3)OC)OC)OC
Valsartan,D,137862-53-4,C24H29N5O3,CCCCC(=O)N(CC1=CC=C(C=C1)C2=CC=CC=C2C3=NNN=N3)C(C(C)C)C(=O)O
Vandetanib,D,443913-73-3,C22H24BrFN4O2,CN1CCC(CC1)COC2=C(C=C3C(=C2)N=CN=C3NC4=C(C=C(C=C4)Br)F)OC
Vemurafenib,D,918504-65-1,C23H18ClF2N3O3S,CCCS(=O)(=O)NC1=C(C(=C(C=C1)F)C(=O)C2=CNC3=C2C=C(C=N3)C4=CC=C(C=C4)Cl)F
Vinblastine,D,865-21-4,C46H58N4O9,CCC1(CC2CC(C3=C(CCN(C2)C1)C4=CC=CC=C4N3)(C5=C(C=C6C(=C5)C78CCN9C7C(C=CC9)(C(C(C8N6C)(C(=O)OC)O)OC(=O)C)CC)OC)C(=O)OC)O
Vinorelbine,D,71486-22-1,C45H54N4O8,CCC1=CC2CC(C3=C(CN(C2)C1)C4=CC=CC=C4N3)(C5=C(C=C6C(=C5)C78CCN9C7C(C=CC9)(C(C(C8N6C)(C(=O)OC)O)OC(=O)C)CC)OC)C(=O)OC
Vismodegib,D,879085-55-9,C19H14Cl2N2O3S,CS(=O)(=O)C1=CC(=C(C=C1)C(=O)NC2=CC(=C(C=C2)Cl)C3=CC=CC=N3)Cl
Abiraterone,X,154229-19-3,C24H31NO,CC12CCC(CC1=CCC3C2CCC4(C3CC=C4C5=CN=CC=C5)C)O
Acetohydroxamic acid,X,546-88-3,C2H5NO2,CC(=O)NO
Acitretin,X,55079-83-9,C21H26O3,CC1=CC(=C(C(=C1C=CC(=CC=CC(=CC(=O)O)C)C)C)C)OC
Ambrisentan,X,177036-94-1,C22H22N2O4,CC1=CC(=NC(=N1)OC(C(=O)O)C(C2=CC=CC=C2)(C3=CC=CC=C3)OC)C
Amyl nitrite,X,463-04-7, C5H11NO2,CCCCCON=O
Anastrozole,X,120511-73-1,C17H19N5,CC(C)(C#N)C1=CC(=CC(=C1)CN2C=NC=N2)C(C)(C)C#N
Anisindione,X,117-37-3,C16H12O3,COC1=CC=C(C=C1)C2C(=O)C3=CC=CC=C3C2=O
Benzphetamine,X,156-08-1,C17H21N,CC(CC1=CC=CC=C1)N(C)CC2=CC=CC=C2
Bexarotene,X,153559-49-0,C24H28O2,CC1=CC2=C(C=C1C(=C)C3=CC=C(C=C3)C(=O)O)C(CCC2(C)C)(C)C
Bicalutamide,X,90357-06-5,C18H14F4N2O4S,CC(CS(=O)(=O)C1=CC=C(C=C1)F)(C(=O)NC2=CC(=C(C=C2)C#N)C(F)(F)F)O
Bosentan,X,147536-97-8,C27H29N5O6S,CC(C)(C)C1=CC=C(C=C1)S(=O)(=O)NC2=C(C(=NC(=N2)C3=NC=CC=N3)OCCO)OC4=CC=CC=C4OC
Cerivastatin,X,145599-86-6,C26H34FNO5,CC(C)C1=C(C(=C(C(=N1)C(C)C)COC)C2=CC=C(C=C2)F)C=CC(CC(CC(=O)O)O)O
Chenodeoxycholic acid,X,474-25-9,C24H40O4,CC(CCC(=O)O)C1CCC2C1(CCC3C2C(CC4C3(CCC(C4)O)C)O)C
Chlormadinone,X,1961-77-9,C21H27ClO3,CC(=O)C1(CCC2C1(CCC3C2C=C(C4=CC(=O)CCC34C)Cl)C)O
Cyclofenil,X,2624-43-3,C23H24O4,CC(=O)OC1=CC=C(C=C1)C(=C2CCCCC2)C3=CC=C(C=C3)OC(=O)C
Cyproterone,X,2098-66-0,C22H27ClO3,CC(=O)C1(CCC2C1(CCC3C2C=C(C4=CC(=O)C5CC5C34C)Cl)C)O
Danazol,X,17230-88-5,C22H27NO2,CC12CCC3C(C1CCC2(C#C)O)CCC4=CC5=C(CC34C)C=NO5
Desogestrel,X,54024-22-5,C22H30O,CCC12CC(=C)C3C(C1CCC2(C#C)O)CCC4=CCCCC34
Dienogest,X,65928-58-7,C20H25NO2,CC12CCC3=C4CCC(=O)C=C4CCC3C1CCC2(CC#N)O
Diethylstilbestrol,X,56-53-1,C18H20O2,CCC(=C(CC)C1=CC=C(C=C1)O)C2=CC=C(C=C2)O
Dihydroergotoxine,X,11032-41-0,C34H41N5O8S,CC1(C(=O)N2C(C(=O)N3CCCC3C2(O1)O)CC4=CC=CC=C4)NC(=O)C5CC6C(CC7=CNC8=CC=CC6=C78)N(C5)C.CS(=O)(=O)O
Dihydroergotoxine mesylate,X,8067-24-1,C123H156N20O23S,CCC(C)C1C(=O)N2CCCC2C3(N1C(=O)C(O3)(C)NC(=O)C4CC5C(CC6=CNC7=CC=CC5=C67)N(C4)C)O.CC(C)CC1C(=O)N2CCCC2C3(N1C(=O)C(O3)(C)NC(=O)C4CC5C(CC6=CNC7=CC=CC5=C67)N(C4)C)O.CC(C)C1C(=O)N2CCCC2C3(N1C(=O)C(O3)(C)NC(=O)C4CC5C(CC6=CNC7=CC=CC5=C67)N(C4)C)O.CC1(C(=O)N2C(C(=O)N3CCCC3C2(O1)O)CC4=CC=CC=C4)NC(=O)C5CC6C(CC7=CNC8=CC=CC6=C78)N(C5)C.CS(=O)(=O)O
Diisopropyl fluorophosphate,X,55-91-4,C6H14FO3P,CC(C)OP(=O)(OC(C)C)F
Dronedarone,X,141626-36-0,C31H44N2O5S,CCCCC1=C(C2=C(O1)C=CC(=C2)NS(=O)(=O)C)C(=O)C3=CC=C(C=C3)OCCCN(CCCC)CCCC
Drospirenone,X,67392-87-4,C24H30O3,CC12CCC(=O)C=C1C3CC3C4C2CCC5(C4C6CC6C57CCC(=O)O7)C
Dutasteride,X,164656-23-9,C27H30F6N2O2,CC12CCC3C(C1CCC2C(=O)NC4=C(C=CC(=C4)C(F)(F)F)C(F)(F)F)CCC5C3(C=CC(=O)N5)C
Enzalutamide,X,915087-33-1,C21H16F4N4O2S,CC1(C(=O)N(C(=S)N1C2=CC(=C(C=C2)C(=O)NC)F)C3=CC(=C(C=C3)C#N)C(F)(F)F)C
Ergotamine,X,379-79-3,C33H35N5O5,CC1(C(=O)N2C(C(=O)N3CCCC3C2(O1)O)CC4=CC=CC=C4)NC(=O)C5CN(C6CC7=CNC8=CC=CC(=C78)C6=C5)C
Estazolam,X,29975-16-4,C16H11ClN4,C1C2=NN=CN2C3=C(C=C(C=C3)Cl)C(=N1)C4=CC=CC=C4
Estradiol,X,50-28-2,C18H24O2,CC12CCC3C(C1CCC2O)CCC4=C3C=CC(=C4)O
Estriol,X,50-27-1,C18H24O3,CC12CCC3C(C1CC(C2O)O)CCC4=C3C=CC(=C4)O
Estrone,X,53-16-7,C18H22O2,CC12CCC3C(C1CCC2=O)CCC4=C3C=CC(=C4)O
Estropipate,X,7280-37-7,C22H32N2O5S,CC12CCC3C(C1CCC2=O)CCC4=C3C=CC(=C4)OS(=O)(=O)O.C1CNCCN1
Ethanol,X,64-17-5,C2H6O,CCO
Ethinyl estradiol,X,57-63-6,C20H24O2,CC12CCC3C(C1CCC2(C#C)O)CCC4=C3C=CC(=C4)O
Ethynodiol,X,1231-93-2,C20H28O2,CC12CCC3C(C1CCC2(C#C)O)CCC4=CC(CCC34)O
Etonogestrel,X,54048-10-1,C22H28O2,CCC12CC(=C)C3C(C1CCC2(C#C)O)CCC4=CC(=O)CCC34
Etretinate,X,54350-48-0,C23H30O3,CCOC(=O)C=C(C)C=CC=C(C)C=CC1=C(C(=C(C=C1C)OC)C)C
Exemestane,X,107868-30-4,C20H24O2,CC12CCC3C(C1CCC2=O)CC(=C)C4=CC(=O)C=CC34C
Finasteride,X,98319-26-7,C23H36N2O2,CC12CCC3C(C1CCC2C(=O)NC(C)(C)C)CCC4C3(C=CC(=O)N4)C
Fluoxymesterone,X,76-43-7,C20H29FO3,CC12CCC(=O)C=C1CCC3C2(C(CC4(C3CCC4(C)O)C)O)F
Fluvastatin,X,93957-54-1,C24H26FNO4,CC(C)N1C2=CC=CC=C2C(=C1C=CC(CC(CC(=O)O)O)O)C3=CC=C(C=C3)F
Gestodene,X,60282-87-3,C21H26O2,CCC12CCC3C(C1C=CC2(C#C)O)CCC4=CC(=O)CCC34
Human menopausal gonadotrophin,X,61489-71-2,C9H18O,CC(C)(C)CCCCC=O
Imidapril,X,89371-37-9,C20H27N3O6,CCOC(=O)C(CCC1=CC=CC=C1)NC(C)C(=O)N2C(CN(C2=O)C)C(=O)O
Isotretinoin,X,4759-48-2,C20H28O2,CC1=C(C(CCC1)(C)C)C=CC(=CC=CC(=CC(=O)O)C)C
Leflunomide,X,75706-12-6,C12H9F3N2O2,CC1=C(C=NO1)C(=O)NC2=CC=C(C=C2)C(F)(F)F
Lenalidomide,X,191732-72-6,C13H13N3O3,C1CC(=O)NC(=O)C1N2CC3=C(C2=O)C=CC=C3N
Letrozole,X,112809-51-5,C17H11N5,C1=CC(=CC=C1C#N)C(C2=CC=C(C=C2)C#N)N3C=NC=N3
Levonorgestrel,X,797-63-7,C21H28O2,CCC12CCC3C(C1CCC2(C#C)O)CCC4=CC(=O)CCC34
Lomitapide,X,182431-12-5,C39H37F6N3O2,C1CN(CCC1NC(=O)C2=CC=CC=C2C3=CC=C(C=C3)C(F)(F)F)CCCCC4(C5=CC=CC=C5C6=CC=CC=C64)C(=O)NCC(F)(F)F
Lorcaserin,X,616202-92-7,C11H14ClN,CC1CNCCC2=C1C=C(C=C2)Cl
Lovastatin,X,75330-75-5,C24H36O5,CCC(C)C(=O)OC1CC(C=C2C1C(C(C=C2)C)CCC3CC(CC(=O)O3)O)C
Macitentan,X,441798-33-0,C19H20Br2N6O4S,CCCNS(=O)(=O)NC1=C(C(=NC=N1)OCCOC2=NC=C(C=N2)Br)C3=CC=C(C=C3)Br
Medroxyprogesterone,X,520-85-4,C22H32O3,CC1CC2C(CCC3(C2CCC3(C(=O)C)O)C)C4(C1=CC(=O)CC4)C
Megestrol,X,3562-63-8,C22H30O3,CC1=CC2C(CCC3(C2CCC3(C(=O)C)O)C)C4(C1=CC(=O)CC4)C
Methotrexate,X,59-05-2,C20H22N8O5,CN(CC1=CN=C2C(=N1)C(=NC(=N2)N)N)C3=CC=C(C=C3)C(=O)NC(CCC(=O)O)C(=O)O
Methyltestosterone,X,58-18-4,C20H30O2,C[C@]12CCC(=O)C=C1CC[C@@H]3[C@@H]2CC[C@]4([C@H]3CC[C@]4(C)O)C
Mifepristone,X,84371-65-3,C29H35NO2,CC#CC1(CCC2C1(CC(C3=C4CCC(=O)C=C4CCC23)C5=CC=C(C=C5)N(C)C)C)O
Miglustat,X,72599-27-0,C10H21NO4,CCCCN1CC(C(C(C1CO)O)O)O
Misoprostol,X,59122-46-2,C22H38O5,CCCCC(C)(CC=CC1C(CC(=O)C1CCCCCCC(=O)OC)O)O
Norethindrone,X,68-22-4,C20H26O2,CC12CCC3C(C1CCC2(C#C)O)CCC4=CC(=O)CCC34
Orlistat,X,96829-58-2,C29H53NO5,CCCCCCCCCCCC(CC1C(C(=O)O1)CCCCCC)OC(=O)C(CC(C)C)NC=O
Ortho evra,X,53016-31-2,C21H29NO2,CCC12CCC3C(C1CCC2(C#C)O)CCC4=CC(=NO)CCC34
Ospemifene,X,128607-22-7,C24H23ClO2,C1=CC=C(C=C1)C(=C(C2=CC=CC=C2)C3=CC=C(C=C3)OCCO)CCCl
Oxymetholone,X,434-07-1,C21H32O3,CC12CCC3C(C1CCC2(C)O)CCC4C3(CC(=CO)C(=O)C4)C
Phendimetrazine,X,634-03-7,C12H17NO,CC1C(OCCN1C)C2=CC=CC=C2
Pitavastatin,X,147511-69-1,C25H24FNO4,C1CC1C2=NC3=CC=CC=C3C(=C2C=CC(CC(CC(=O)O)O)O)C4=CC=C(C=C4)F
Podophyllin,X,9000-55-9,C88H92O34,COC1=CC(=CC(=C1OC)OC)C2C3C(COC3=O)C(C4=CC5=C(C=C24)OCO5)O.COC1=CC(=CC(=C1OC)OC)C2C3C(COC3=O)C(C4=CC5=C(C=C24)OCO5)O.COC1=CC(=CC(=C1OC)OC)C2C(C(C(C3=CC4=C(C=C23)OCO4)O)CO)C(=O)O.COC1=CC(=CC(=C1OC)OC)C2C(C(C(C3=CC4=C(C=C23)OCO4)O)CO)C(=O)O
Pomalidomide,X,19171-19-8,C13H11N3O4,C1CC(=O)NC(=O)C1N2C(=O)C3=C(C2=O)C(=CC=C3)N
Pravastatin,X,81093-37-0,C23H36O7,CCC(C)C(=O)OC1CC(C=C2C1C(C(C=C2)C)CCC(CC(CC(=O)O)O)O)O
Promestriene,X,39219-28-8,C22H32O2,CCCOC1=CC2=C(C=C1)C3CCC4(C(C3CC2)CCC4OC)C
Raloxifen,X,84449-90-1,C27H25NO4S,C1CCN(CC1)COC2=CC=C(C=C2)C(=O)C3=C(SC4=C3C=CC(=C4)O)C5=CC=C(C=C5)O
Retinyl acetate,X,127-47-9,C22H32O2,CC1=C(C(CCC1)(C)C)C=CC(=CC=CC(=CCOC(=O)C)C)C
Ribavirin,X,36791-04-5,C8H12N4O5,C1=NC(=NN1C2C(C(C(O2)CO)O)O)C(=O)N
Riociguat,X,625115-55-1,C20H19FN8O2,CN(C1=C(N=C(N=C1N)C2=NN(C3=C2C=CC=N3)CC4=CC=CC=C4F)N)C(=O)OC
Rosuvastatin,X,287714-41-4,C22H28FN3O6S,CC(C)C1=NC(=NC(=C1C=CC(CC(CC(=O)O)O)O)C2=CC=C(C=C2)F)N(C)S(=O)(=O)C
Simvastatin,X,79902-63-9,C25H38O5,CCC(C)(C)C(=O)OC1CC(C=C2C1C(C(C=C2)C)CCC3CC(CC(=O)O3)O)C
Temazepam,X,846-50-4,C16H13ClN2O2,CN1C2=C(C=C(C=C2)Cl)C(=NC(C1=O)O)C3=CC=CC=C3
Testosterone,X,58-22-0,C19H28O2,CC12CCC3C(C1CCC2O)CCC4=CC(=O)CCC34C
Thalidomide,X,50-35-1,C13H10N2O4,C1CC(=O)NC(=O)C1N2C(=O)C3=CC=CC=C3C2=O
Tibolone,X,5630-53-5,C21H28O2,CC1CC2=C(CCC(=O)C2)C3C1C4CCC(C4(CC3)C)(C#C)O
Tolvaptan,X,150683-30-0,C26H25ClN2O3,CC1=CC=CC=C1C(=O)NC2=CC(=C(C=C2)C(=O)N3CCCC(C4=C3C=CC(=C4)Cl)O)C
Triazolam,X,28911-01-5,C17H12Cl2N4,CC1=NN=C2N1C3=C(C=C(C=C3)Cl)C(=NC2)C4=CC=CC=C4Cl
Ulipristal,X,159811-51-5,C28H35NO3,CC(=O)C1(CCC2C1(CC(C3=C4CCC(=O)C=C4CCC23)C5=CC=C(C=C5)N(C)C)C)O
Vitamin A palmitate,X,79-81-2,C36H60O2,CCCCCCCCCCCCCCCC(=O)OCC=C(C)C=CC=C(C)C=CC1=C(CCCC1(C)C)C
Warfarin,X,81-81-2,C19H16O4,CC(=O)CC(C1=CC=CC=C1)C2=C(C3=CC=CC=C3OC2=O)O
Zuclomiphene,X,15690-55-8,C26H28ClNO,CCN(CC)CCOC1=CC=C(C=C1)C(=C(C2=CC=CC=C2)Cl)C3=CC=CC=C3
